clave,nombre,lat,lon,altitud,contaminantes,anio_instalacion
AGU,Águilas,20.630982,-103.416711,1633,"O3, PM10, PM2.5",1993
ATM,Atemajac,20.719626,-103.355412,1563,,1993
CEN,Centro,20.673844,-103.333243,1582,"O3, CO, PM10, PM2.5",1993
COU,Country,20.6980712,-103.35811881,1640,"O3, NO, NO2, NOX, CO, PM10, PM2.5",2024
LDO,Loma Dorada,20.631665,-103.256809,1645,"O3, CO, PM10, PM2.5",1993
MIR,Miravalle,20.614511,-103.343352,1622,"O3, CO, PM10, PM2.5",1993
OBL,Oblatos,20.700501,-103.296648,1608,,1993
PIN,Las Pintas,20.576708,-103.326533,1543,"O3, CO, PM10, PM2.5",2011
SAN,Santa Anita,20.5519704,-103.447256,1595,"O3, NO, NO2, NOX, CO, PM10, PM2.5",2024
SFE,Santa Fe,20.528954,-103.37718,1541,"O3,PM10, PM2.5",2013
SMT,Santa Margarita,20.723836,-103.431768,1650,"O3, NO, NO2, NOX, CO, PM10, PM2.5",2024
TLA,Tlaquepaque,20.640941,-103.312497,1622,"O3, PM10, PM2.5",1993
VAL,Vallarta,20.680141,-103.398572,1640,"O3, PM10, PM2.5",1993
