STATION,DATE,HOUR,REGISTRO_EN_FUENTE,O3,CO,PM10,PM2.5,NowCast_PM10,NowCast_PM25,CO_8h,Cat_O3,Cat_CO,Cat_PM10,Cat_PM25,Cat_Global_Horaria,Responsable_Horario,Datos8h_CO,Datos12h_PM10,Datos3h_PM10,W_PM10,Datos12h_PM25,Datos3h_PM25,W_PM25
MIR,2024-03-01 00:00:00,0,Sí,0.003,0.651,72.0,21.0,39.0,11.0,0.53,Buena,Buena,Buena,Buena,Buena,PM10,8,12,3,0.5,12,3,0.5
MIR,2024-03-01 01:00:00,1,Sí,0.002,0.521,53.0,16.0,38.0,11.0,0.55,Buena,Buena,Buena,Buena,Buena,PM10,8,12,3,0.5,12,3,0.5
MIR,2024-03-01 02:00:00,2,Sí,,0.559,62.0,21.0,41.0,13.0,0.57,Sin datos,Buena,Buena,Buena,Buena,PM10,8,12,3,0.5,12,3,0.5
MIR,2024-03-01 03:00:00,3,Sí,0.0,0.362,68.0,34.0,45.0,18.0,0.55,Buena,Buena,Buena,Aceptable,Aceptable,PM2.5,8,12,3,0.5,12,3,0.5
MIR,2024-03-01 04:00:00,4,Sí,0.001,0.453,63.0,22.0,45.0,17.0,0.53,Buena,Buena,Buena,Aceptable,Aceptable,PM2.5,8,12,3,0.5,12,3,0.5
MIR,2024-03-01 05:00:00,5,Sí,0.0,1.01,83.0,27.0,52.0,18.0,0.54,Buena,Buena,Aceptable,Aceptable,Aceptable,PM10,8,12,3,0.5,12,3,0.5
MIR,2024-03-01 06:00:00,6,Sí,0.0,1.124,106.0,32.0,64.0,20.0,0.65,Buena,Buena,Mala,Aceptable,Mala,PM10,8,12,3,0.5,12,3,0.5
MIR,2024-03-01 07:00:00,7,Sí,0.001,2.259,143.0,56.0,83.0,29.0,0.87,Buena,Buena,Mala,Aceptable,Mala,PM10,8,12,3,0.5,12,3,0.5
MIR,2024-03-01 08:00:00,8,Sí,0.003,1.358,226.0,99.0,122.0,49.0,0.96,Buena,Buena,Mala,Mala,Mala,PM10,8,12,3,0.5,12,3,0.5
MIR,2024-03-01 09:00:00,9,Sí,0.015,0.471,198.0,78.0,132.0,51.0,0.95,Buena,Buena,Mala,Mala,Mala,PM10,8,12,3,0.5,12,3,0.5
MIR,2024-03-01 10:00:00,10,Sí,0.026,0.383,173.0,73.0,128.0,51.0,0.93,Buena,Buena,Mala,Mala,Mala,PM10,8,12,3,0.5,12,3,0.5
MIR,2024-03-01 11:00:00,11,Sí,0.037,0.049,103.0,34.0,101.0,37.0,0.89,Buena,Buena,Mala,Mala,Mala,PM10,8,12,3,0.5,12,3,0.5
MIR,2024-03-01 12:00:00,12,Sí,0.051,0.313,64.0,12.0,73.0,23.0,0.87,Buena,Buena,Mala,Aceptable,Mala,PM10,8,12,3,0.5,12,3,0.5
MIR,2024-03-01 13:00:00,13,Sí,0.05,0.235,42.0,9.0,51.0,15.0,0.77,Buena,Buena,Aceptable,Buena,Aceptable,PM10,8,12,3,0.5,12,3,0.5
MIR,2024-03-01 14:00:00,14,Sí,0.054,0.272,40.0,8.0,40.0,10.0,0.67,Buena,Buena,Buena,Buena,Buena,O3,8,12,3,0.5,12,3,0.5
MIR,2024-03-01 15:00:00,15,Sí,0.047,0.237,40.0,6.0,34.0,7.0,0.41,Buena,Buena,Buena,Buena,Buena,O3,8,12,3,0.5,12,3,0.5
MIR,2024-03-01 16:00:00,16,Sí,0.047,0.361,24.0,3.0,26.0,5.0,0.29,Buena,Buena,Buena,Buena,Buena,O3,8,12,3,0.5,12,3,0.5
MIR,2024-03-01 17:00:00,17,Sí,0.047,0.394,33.0,6.0,25.0,4.0,0.28,Buena,Buena,Buena,Buena,Buena,O3,8,12,3,0.5,12,3,0.5
MIR,2024-03-01 18:00:00,18,Sí,0.033,0.445,32.0,8.0,24.0,5.0,0.29,Buena,Buena,Buena,Buena,Buena,O3,8,12,3,0.5,12,3,0.5
MIR,2024-03-01 19:00:00,19,Sí,0.026,0.509,36.0,7.0,25.0,5.0,0.35,Buena,Buena,Buena,Buena,Buena,PM10,8,12,3,0.5,12,3,0.5
MIR,2024-03-01 20:00:00,20,Sí,0.021,0.611,19.0,6.0,19.0,5.0,0.38,Buena,Buena,Buena,Buena,Buena,PM10,8,12,3,0.5,12,3,0.5
MIR,2024-03-01 21:00:00,21,Sí,0.011,0.677,25.0,5.0,19.0,4.0,0.44,Buena,Buena,Buena,Buena,Buena,PM10,8,12,3,0.5,12,3,0.5
MIR,2024-03-01 22:00:00,22,Sí,0.019,0.425,42.0,11.0,24.0,6.0,0.46,Buena,Buena,Buena,Buena,Buena,PM10,8,12,3,0.5,12,3,0.5
MIR,2024-03-01 23:00:00,23,Sí,0.02,0.354,26.0,13.0,21.0,8.0,0.47,Buena,Buena,Buena,Buena,Buena,PM2.5,8,12,3,0.5,12,3,0.5
MIR,2024-03-02 00:00:00,0,Sí,0.006,0.641,25.0,14.0,19.0,8.0,0.51,Buena,Buena,Buena,Buena,Buena,PM2.5,8,12,3,0.5,12,3,0.5
MIR,2024-03-02 01:00:00,1,Sí,0.001,0.483,48.0,21.0,27.0,12.0,0.52,Buena,Buena,Buena,Buena,Buena,PM2.5,8,12,3,0.5,12,3,0.5
MIR,2024-03-02 02:00:00,2,Sí,0.0,0.527,48.0,18.0,31.0,12.0,0.53,Buena,Buena,Buena,Buena,Buena,PM2.5,8,12,3,0.5,12,3,0.5
MIR,2024-03-02 03:00:00,3,Sí,0.001,0.496,60.0,23.0,36.0,14.0,0.53,Buena,Buena,Buena,Buena,Buena,PM2.5,8,12,3,0.5,12,3,0.5
MIR,2024-03-02 04:00:00,4,Sí,0.003,0.543,45.0,18.0,34.0,13.0,0.52,Buena,Buena,Buena,Buena,Buena,PM2.5,8,12,3,0.5,12,3,0.5
MIR,2024-03-02 05:00:00,5,Sí,0.0,0.704,68.0,29.0,41.0,17.0,0.52,Buena,Buena,Buena,Aceptable,Aceptable,PM2.5,8,12,3,0.5,12,3,0.5
MIR,2024-03-02 06:00:00,6,Sí,0.0,1.353,71.0,25.0,46.0,17.0,0.64,Buena,Buena,Aceptable,Aceptable,Aceptable,PM2.5,8,12,3,0.5,12,3,0.5
MIR,2024-03-02 07:00:00,7,Sí,0.0,1.602,165.0,59.0,82.0,29.0,0.79,Buena,Buena,Mala,Aceptable,Mala,PM10,8,12,3,0.5,12,3,0.5
MIR,2024-03-02 08:00:00,8,Sí,0.003,0.702,164.0,61.0,99.0,35.0,0.8,Buena,Buena,Mala,Mala,Mala,PM10,8,12,3,0.5,12,3,0.5
MIR,2024-03-02 09:00:00,9,Sí,0.014,0.331,159.0,56.0,106.0,37.0,0.78,Buena,Buena,Mala,Mala,Mala,PM10,8,12,3,0.5,12,3,0.5
MIR,2024-03-02 10:00:00,10,Sí,0.028,0.502,111.0,50.0,93.0,36.0,0.78,Buena,Buena,Mala,Mala,Mala,PM10,8,12,3,0.5,12,3,0.5
MIR,2024-03-02 11:00:00,11,Sí,0.043,0.292,77.0,24.0,74.0,26.0,0.75,Buena,Buena,Mala,Aceptable,Mala,PM10,8,12,3,0.5,12,3,0.5
MIR,2024-03-02 12:00:00,12,Sí,0.06,0.321,86.0,22.0,68.0,21.0,0.73,Aceptable,Buena,Mala,Aceptable,Mala,PM10,8,12,3,0.5,12,3,0.5
MIR,2024-03-02 13:00:00,13,Sí,0.055,0.294,49.0,16.0,51.0,16.0,0.67,Buena,Buena,Aceptable,Aceptable,Aceptable,PM10,8,12,3,0.5,12,3,0.5
MIR,2024-03-02 14:00:00,14,Sí,0.053,0.333,46.0,5.0,42.0,10.0,0.55,Buena,Buena,Buena,Buena,Buena,PM10,8,12,3,0.5,12,3,0.5
MIR,2024-03-02 15:00:00,15,Sí,0.043,0.282,41.0,4.0,36.0,6.0,0.38,Buena,Buena,Buena,Buena,Buena,PM10,8,12,3,0.5,12,3,0.5
MIR,2024-03-02 16:00:00,16,Sí,0.044,0.323,26.0,4.0,27.0,4.0,0.33,Buena,Buena,Buena,Buena,Buena,O3,8,12,3,0.5,12,3,0.5
MIR,2024-03-02 17:00:00,17,Sí,0.047,0.353,25.0,4.0,22.0,3.0,0.34,Buena,Buena,Buena,Buena,Buena,O3,8,12,3,0.5,12,3,0.5
MIR,2024-03-02 18:00:00,18,Sí,0.041,0.365,24.0,7.0,20.0,4.0,0.32,Buena,Buena,Buena,Buena,Buena,O3,8,12,3,0.5,12,3,0.5
MIR,2024-03-02 19:00:00,19,Sí,0.03,0.415,26.0,8.0,19.0,5.0,0.34,Buena,Buena,Buena,Buena,Buena,O3,8,12,3,0.5,12,3,0.5
MIR,2024-03-02 20:00:00,20,Sí,0.029,0.459,25.0,6.0,19.0,5.0,0.35,Buena,Buena,Buena,Buena,Buena,O3,8,12,3,0.5,12,3,0.5
MIR,2024-03-02 21:00:00,21,Sí,0.024,0.579,28.0,7.0,19.0,5.0,0.39,Buena,Buena,Buena,Buena,Buena,PM10,8,12,3,0.5,12,3,0.5
MIR,2024-03-02 22:00:00,22,Sí,0.024,0.519,36.0,15.0,22.0,8.0,0.41,Buena,Buena,Buena,Buena,Buena,PM2.5,8,12,3,0.5,12,3,0.5
MIR,2024-03-02 23:00:00,23,Sí,0.021,0.59,37.0,18.0,24.0,10.0,0.45,Buena,Buena,Buena,Buena,Buena,PM2.5,8,12,3,0.5,12,3,0.5
MIR,2024-03-03 00:00:00,0,Sí,0.006,0.725,37.0,14.0,26.0,10.0,0.5,Buena,Buena,Buena,Buena,Buena,PM2.5,8,12,3,0.5,12,3,0.5
MIR,2024-03-03 01:00:00,1,Sí,,1.015,64.0,24.0,36.0,13.0,0.58,Sin datos,Buena,Buena,Buena,Buena,PM2.5,8,12,3,0.5,12,3,0.5
MIR,2024-03-03 02:00:00,2,Sí,,0.582,97.0,29.0,52.0,17.0,0.61,Sin datos,Buena,Aceptable,Aceptable,Aceptable,PM10,8,12,3,0.5,12,3,0.5
MIR,2024-03-03 03:00:00,3,Sí,,0.577,94.0,44.0,60.0,24.0,0.63,Sin datos,Buena,Aceptable,Aceptable,Aceptable,PM10,8,12,3,0.5,12,3,0.5
MIR,2024-03-03 04:00:00,4,Sí,,0.721,80.0,37.0,59.0,25.0,0.66,Sin datos,Buena,Aceptable,Aceptable,Aceptable,PM10,8,12,3,0.5,12,3,0.5
MIR,2024-03-03 05:00:00,5,Sí,,0.926,66.0,29.0,53.0,22.0,0.71,Sin datos,Buena,Aceptable,Aceptable,Aceptable,PM10,8,12,3,0.5,12,3,0.5
MIR,2024-03-03 06:00:00,6,Sí,,1.313,106.0,62.0,64.0,33.0,0.81,Sin datos,Buena,Mala,Aceptable,Mala,PM10,8,12,3,0.5,12,3,0.5
MIR,2024-03-03 07:00:00,7,Sí,0.001,1.323,149.0,85.0,86.0,46.0,0.9,Buena,Buena,Mala,Mala,Mala,PM10,8,12,3,0.5,12,3,0.5
MIR,2024-03-03 08:00:00,8,Sí,0.009,0.962,129.0,67.0,89.0,46.0,0.93,Buena,Buena,Mala,Mala,Mala,PM10,8,12,3,0.5,12,3,0.5
MIR,2024-03-03 09:00:00,9,Sí,0.023,0.258,160.0,87.0,101.0,53.0,0.83,Buena,Buena,Mala,Mala,Mala,PM10,8,12,3,0.5,12,3,0.5
MIR,2024-03-03 10:00:00,10,Sí,0.039,0.296,109.0,47.0,90.0,43.0,0.8,Buena,Buena,Mala,Mala,Mala,PM10,8,12,3,0.5,12,3,0.5
MIR,2024-03-03 11:00:00,11,Sí,0.051,0.148,54.0,29.0,64.0,31.0,0.74,Buena,Buena,Mala,Aceptable,Mala,PM10,8,12,3,0.5,12,3,0.5
MIR,2024-03-03 12:00:00,12,Sí,0.049,0.247,31.0,11.0,43.0,19.0,0.68,Buena,Buena,Buena,Aceptable,Aceptable,PM2.5,8,12,3,0.5,12,3,0.5
MIR,2024-03-03 13:00:00,13,Sí,0.047,0.221,21.0,7.0,29.0,12.0,0.6,Buena,Buena,Buena,Buena,Buena,O3,8,12,3,0.5,12,3,0.5
MIR,2024-03-03 14:00:00,14,Sí,0.043,0.282,41.0,4.0,29.0,8.0,0.47,Buena,Buena,Buena,Buena,Buena,O3,8,12,3,0.5,12,3,0.5
MIR,2024-03-03 15:00:00,15,Sí,0.042,0.284,54.0,6.0,34.0,6.0,0.34,Buena,Buena,Buena,Buena,Buena,PM10,8,12,3,0.5,12,3,0.5
MIR,2024-03-03 16:00:00,16,Sí,0.043,0.327,33.0,6.0,29.0,5.0,0.26,Buena,Buena,Buena,Buena,Buena,O3,8,12,3,0.5,12,3,0.5
MIR,2024-03-03 17:00:00,17,Sí,0.042,0.354,24.0,8.0,23.0,6.0,0.27,Buena,Buena,Buena,Buena,Buena,O3,8,12,3,0.5,12,3,0.5
MIR,2024-03-03 18:00:00,18,Sí,0.038,0.348,27.0,6.0,21.0,5.0,0.28,Buena,Buena,Buena,Buena,Buena,O3,8,12,3,0.5,12,3,0.5
MIR,2024-03-03 19:00:00,19,Sí,0.032,0.42,31.0,8.0,21.0,5.0,0.31,Buena,Buena,Buena,Buena,Buena,O3,8,12,3,0.5,12,3,0.5
MIR,2024-03-03 20:00:00,20,Sí,0.031,0.383,38.0,20.0,24.0,10.0,0.33,Buena,Buena,Buena,Buena,Buena,PM2.5,8,12,3,0.5,12,3,0.5
MIR,2024-03-03 21:00:00,21,Sí,0.028,0.356,30.0,14.0,23.0,10.0,0.34,Buena,Buena,Buena,Buena,Buena,PM2.5,8,12,3,0.5,12,3,0.5
MIR,2024-03-03 22:00:00,22,Sí,0.016,0.583,17.0,12.0,18.0,9.0,0.38,Buena,Buena,Buena,Buena,Buena,PM2.5,8,12,3,0.5,12,3,0.5
MIR,2024-03-03 23:00:00,23,Sí,0.02,0.473,25.0,9.0,18.0,8.0,0.41,Buena,Buena,Buena,Buena,Buena,PM2.5,8,12,3,0.5,12,3,0.5
MIR,2024-03-04 00:00:00,0,Sí,0.019,0.465,23.0,10.0,17.0,7.0,0.42,Buena,Buena,Buena,Buena,Buena,PM2.5,8,12,3,0.5,12,3,0.5
MIR,2024-03-04 01:00:00,1,Sí,0.006,0.556,22.0,10.0,16.0,7.0,0.45,Buena,Buena,Buena,Buena,Buena,PM2.5,8,12,3,0.5,12,3,0.5
MIR,2024-03-04 02:00:00,2,Sí,0.004,0.443,27.0,7.0,18.0,6.0,0.46,Buena,Buena,Buena,Buena,Buena,PM10,8,12,3,0.5,12,3,0.5
MIR,2024-03-04 03:00:00,3,Sí,0.002,0.445,38.0,16.0,22.0,8.0,0.46,Buena,Buena,Buena,Buena,Buena,PM2.5,8,12,3,0.5,12,3,0.5
MIR,2024-03-04 04:00:00,4,Sí,0.002,0.489,31.0,13.0,22.0,9.0,0.48,Buena,Buena,Buena,Buena,Buena,PM2.5,8,12,3,0.5,12,3,0.5
MIR,2024-03-04 05:00:00,5,Sí,0.001,0.973,25.0,17.0,20.0,10.0,0.55,Buena,Buena,Buena,Buena,Buena,PM2.5,8,12,3,0.5,12,3,0.5
MIR,2024-03-04 06:00:00,6,Sí,0.0,1.699,52.0,21.0,29.0,12.0,0.69,Buena,Buena,Buena,Buena,Buena,PM2.5,8,12,3,0.5,12,3,0.5
MIR,2024-03-04 07:00:00,7,Sí,0.001,2.764,79.0,23.0,43.0,14.0,0.98,Buena,Buena,Buena,Buena,Buena,PM10,8,12,3,0.5,12,3,0.5
MIR,2024-03-04 08:00:00,8,Sí,0.003,0.831,161.0,51.0,79.0,25.0,1.03,Buena,Buena,Mala,Aceptable,Mala,PM10,8,12,3,0.5,12,3,0.5
MIR,2024-03-04 09:00:00,9,Sí,0.019,,202.0,74.0,111.0,38.0,1.09,Buena,Buena,Mala,Mala,Mala,PM10,7,12,3,0.5,12,3,0.5
MIR,2024-03-04 10:00:00,10,Sí,0.026,0.342,98.0,34.0,91.0,31.0,1.08,Buena,Buena,Mala,Aceptable,Mala,PM10,7,12,3,0.5,12,3,0.5
MIR,2024-03-04 11:00:00,11,Sí,0.05,,107.0,24.0,84.0,24.0,1.18,Buena,Buena,Mala,Aceptable,Mala,PM10,6,12,3,0.5,12,3,0.5
MIR,2024-03-04 12:00:00,12,Sí,0.049,0.275,56.0,12.0,62.0,16.0,1.15,Buena,Buena,Mala,Aceptable,Mala,PM10,6,12,3,0.5,12,3,0.5
MIR,2024-03-04 13:00:00,13,Sí,0.045,0.224,39.0,7.0,45.0,10.0,1.02,Buena,Buena,Buena,Buena,Buena,PM10,6,12,3,0.5,12,3,0.5
MIR,2024-03-04 14:00:00,14,Sí,0.042,0.317,26.0,6.0,31.0,8.0,0.79,Buena,Buena,Buena,Buena,Buena,O3,6,12,3,0.5,12,3,0.5
MIR,2024-03-04 15:00:00,15,Sí,0.043,0.323,30.0,5.0,26.0,6.0,0.39,Buena,Buena,Buena,Buena,Buena,O3,6,12,3,0.5,12,3,0.5
MIR,2024-03-04 16:00:00,16,Sí,0.04,0.302,33.0,6.0,25.0,5.0,0.3,Buena,Buena,Buena,Buena,Buena,O3,6,12,3,0.5,12,3,0.5
MIR,2024-03-04 17:00:00,17,Sí,0.036,0.327,29.0,9.0,23.0,6.0,0.3,Buena,Buena,Buena,Buena,Buena,O3,7,12,3,0.5,12,3,0.5
MIR,2024-03-04 18:00:00,18,Sí,0.03,0.406,22.0,6.0,19.0,5.0,0.31,Buena,Buena,Buena,Buena,Buena,O3,7,12,3,0.5,12,3,0.5
MIR,2024-03-04 19:00:00,19,Sí,0.026,0.464,24.0,4.0,19.0,3.0,0.33,Buena,Buena,Buena,Buena,Buena,O3,8,12,3,0.5,12,3,0.5
MIR,2024-03-04 20:00:00,20,Sí,0.032,0.38,35.0,7.0,21.0,4.0,0.34,Buena,Buena,Buena,Buena,Buena,O3,8,12,3,0.5,12,3,0.5
MIR,2024-03-04 21:00:00,21,Sí,0.026,0.701,31.0,8.0,22.0,5.0,0.4,Buena,Buena,Buena,Buena,Buena,PM10,8,12,3,0.5,12,3,0.5
MIR,2024-03-04 22:00:00,22,Sí,0.023,0.177,32.0,10.0,22.0,6.0,0.39,Buena,Buena,Buena,Buena,Buena,PM10,8,12,3,0.5,12,3,0.5
MIR,2024-03-04 23:00:00,23,Sí,0.026,0.05,25.0,9.0,20.0,6.0,0.35,Buena,Buena,Buena,Buena,Buena,O3,8,12,3,0.5,12,3,0.5
MIR,2024-03-05 00:00:00,0,Sí,0.015,0.396,21.0,8.0,18.0,6.0,0.36,Buena,Buena,Buena,Buena,Buena,PM10,8,12,3,0.54,12,3,0.5
MIR,2024-03-05 01:00:00,1,Sí,0.001,0.492,71.0,16.0,34.0,8.0,0.38,Buena,Buena,Buena,Buena,Buena,PM10,8,12,3,0.5,12,3,0.5
MIR,2024-03-05 02:00:00,2,Sí,0.008,0.345,49.0,21.0,34.0,12.0,0.38,Buena,Buena,Buena,Buena,Buena,PM2.5,8,12,3,0.5,12,3,0.5
MIR,2024-03-05 03:00:00,3,Sí,0.001,0.671,55.0,11.0,37.0,10.0,0.4,Buena,Buena,Buena,Buena,Buena,PM10,8,12,3,0.5,12,3,0.5
MIR,2024-03-05 04:00:00,4,Sí,0.002,0.584,111.0,50.0,58.0,22.0,0.43,Buena,Buena,Aceptable,Aceptable,Aceptable,PM10,8,12,3,0.5,12,3,0.5
MIR,2024-03-05 05:00:00,5,Sí,0.001,1.032,212.0,43.0,105.0,26.0,0.47,Buena,Buena,Mala,Aceptable,Mala,PM10,8,12,3,0.5,12,3,0.5
MIR,2024-03-05 06:00:00,6,Sí,0.0,1.111,141.0,69.0,103.0,37.0,0.59,Buena,Buena,Mala,Mala,Mala,PM10,8,12,3,0.5,12,3,0.5
MIR,2024-03-05 07:00:00,7,Sí,0.0,2.631,92.0,34.0,84.0,31.0,0.91,Buena,Buena,Mala,Aceptable,Mala,PM10,8,12,3,0.5,12,3,0.5
MIR,2024-03-05 08:00:00,8,Sí,0.002,1.067,249.0,74.0,131.0,41.0,0.99,Buena,Buena,Mala,Mala,Mala,PM10,8,12,3,0.5,12,3,0.5
MIR,2024-03-05 09:00:00,9,Sí,0.01,0.543,218.0,85.0,144.0,50.0,1.0,Buena,Buena,Muy Mala,Mala,Muy Mala,PM10,8,12,3,0.5,12,3,0.5
MIR,2024-03-05 10:00:00,10,Sí,0.026,0.385,206.0,71.0,145.0,49.0,1.0,Buena,Buena,Muy Mala,Mala,Muy Mala,PM10,8,12,3,0.5,12,3,0.5
MIR,2024-03-05 11:00:00,11,Sí,0.043,0.136,143.0,52.0,124.0,43.0,0.94,Buena,Buena,Mala,Mala,Mala,PM10,8,12,3,0.5,12,3,0.5
MIR,2024-03-05 12:00:00,12,Sí,0.057,0.496,115.0,36.0,103.0,34.0,0.93,Buena,Buena,Mala,Mala,Mala,PM10,8,12,3,0.5,12,3,0.5
MIR,2024-03-05 13:00:00,13,Sí,0.073,0.316,101.0,23.0,88.0,25.0,0.84,Aceptable,Buena,Mala,Aceptable,Mala,PM10,8,12,3,0.5,12,3,0.5
MIR,2024-03-05 14:00:00,14,Sí,0.072,0.341,59.0,16.0,65.0,18.0,0.74,Aceptable,Buena,Mala,Aceptable,Mala,PM10,8,12,3,0.5,12,3,0.5
MIR,2024-03-05 15:00:00,15,Sí,0.05,0.248,45.0,17.0,49.0,15.0,0.44,Buena,Buena,Aceptable,Buena,Aceptable,PM10,8,12,3,0.5,12,3,0.5
MIR,2024-03-05 16:00:00,16,Sí,0.053,0.375,32.0,1.0,36.0,8.0,0.36,Buena,Buena,Buena,Buena,Buena,O3,8,12,3,0.5,12,3,0.5
MIR,2024-03-05 17:00:00,17,Sí,0.046,0.384,28.0,9.0,28.0,7.0,0.34,Buena,Buena,Buena,Buena,Buena,O3,8,12,3,0.5,12,3,0.5
MIR,2024-03-05 18:00:00,18,Sí,0.033,0.415,21.0,9.0,21.0,7.0,0.34,Buena,Buena,Buena,Buena,Buena,O3,8,12,3,0.5,12,3,0.5
MIR,2024-03-05 19:00:00,19,Sí,0.012,0.678,22.0,7.0,19.0,6.0,0.41,Buena,Buena,Buena,Buena,Buena,PM10,8,12,3,0.5,12,3,0.5
MIR,2024-03-05 20:00:00,20,Sí,0.001,1.199,34.0,9.0,21.0,6.0,0.49,Buena,Buena,Buena,Buena,Buena,PM10,8,12,3,0.5,12,3,0.5
MIR,2024-03-05 21:00:00,21,Sí,0.011,0.653,56.0,10.0,31.0,6.0,0.54,Buena,Buena,Buena,Buena,Buena,PM10,8,12,3,0.5,12,3,0.5
MIR,2024-03-05 22:00:00,22,Sí,0.019,0.436,42.0,9.0,30.0,6.0,0.55,Buena,Buena,Buena,Buena,Buena,PM10,8,12,3,0.5,12,3,0.5
MIR,2024-03-05 23:00:00,23,Sí,0.029,0.265,36.0,11.0,28.0,7.0,0.55,Buena,Buena,Buena,Buena,Buena,PM10,8,12,3,0.5,12,3,0.5
MIR,2024-03-06 00:00:00,0,Sí,0.026,0.459,34.0,8.0,26.0,6.0,0.56,Buena,Buena,Buena,Buena,Buena,PM10,8,12,3,0.5,12,3,0.5
MIR,2024-03-06 01:00:00,1,Sí,0.003,0.616,31.0,10.0,24.0,7.0,0.59,Buena,Buena,Buena,Buena,Buena,PM10,8,12,3,0.5,12,3,0.5
MIR,2024-03-06 02:00:00,2,Sí,0.003,0.429,91.0,25.0,44.0,12.0,0.59,Buena,Buena,Buena,Buena,Buena,PM10,8,12,3,0.5,12,3,0.5
MIR,2024-03-06 03:00:00,3,Sí,0.001,0.453,46.0,20.0,39.0,13.0,0.56,Buena,Buena,Buena,Buena,Buena,PM10,8,12,3,0.5,12,3,0.5
MIR,2024-03-06 04:00:00,4,Sí,0.001,0.547,62.0,36.0,41.0,19.0,0.48,Buena,Buena,Buena,Aceptable,Aceptable,PM2.5,8,12,3,0.5,12,3,0.5
MIR,2024-03-06 05:00:00,5,Sí,0.0,0.653,81.0,46.0,50.0,26.0,0.48,Buena,Buena,Aceptable,Aceptable,Aceptable,PM2.5,8,12,3,0.5,12,3,0.5
MIR,2024-03-06 06:00:00,6,Sí,0.0,1.645,100.0,40.0,61.0,26.0,0.63,Buena,Buena,Mala,Aceptable,Mala,PM10,8,12,3,0.5,12,3,0.5
MIR,2024-03-06 07:00:00,7,Sí,0.002,1.92,133.0,39.0,78.0,27.0,0.84,Buena,Buena,Mala,Aceptable,Mala,PM10,8,12,3,0.5,12,3,0.5
MIR,2024-03-06 08:00:00,8,Sí,0.005,1.503,251.0,175.0,129.0,74.0,0.97,Buena,Buena,Mala,Mala,Mala,PM10,8,12,3,0.5,12,3,0.5
MIR,2024-03-06 09:00:00,9,Sí,0.008,1.215,243.0,116.0,151.0,77.0,1.05,Buena,Buena,Muy Mala,Mala,Muy Mala,PM10,8,12,3,0.5,12,3,0.5
MIR,2024-03-06 10:00:00,10,Sí,0.021,0.626,259.0,88.0,168.0,69.0,1.07,Buena,Buena,Muy Mala,Mala,Muy Mala,PM10,8,12,3,0.5,12,3,0.5
MIR,2024-03-06 11:00:00,11,Sí,0.042,0.183,247.0,171.0,172.0,94.0,1.04,Buena,Buena,Muy Mala,Muy Mala,Muy Mala,PM10,8,12,3,0.5,12,3,0.5
MIR,2024-03-06 12:00:00,12,Sí,0.054,0.329,,,172.0,94.0,1.01,Buena,Buena,Muy Mala,Muy Mala,Muy Mala,PM10,8,11,2,0.5,11,2,0.5
MIR,2024-03-06 13:00:00,13,Sí,0.06,0.377,,,,,0.97,Aceptable,Buena,Sin datos,Sin datos,Aceptable,O3,8,10,1,,10,1,
MIR,2024-03-06 14:00:00,14,Sí,0.064,0.295,,,,,0.81,Aceptable,Buena,Sin datos,Sin datos,Aceptable,O3,8,9,0,,9,0,
MIR,2024-03-06 15:00:00,15,Sí,0.062,0.288,,,,,0.6,Aceptable,Buena,Sin datos,Sin datos,Aceptable,O3,8,8,0,,8,0,
MIR,2024-03-06 16:00:00,16,Sí,0.061,0.356,,,,,0.46,Aceptable,Buena,Sin datos,Sin datos,Aceptable,O3,8,7,0,,7,0,
MIR,2024-03-06 17:00:00,17,Sí,0.056,0.378,,,,,0.35,Buena,Buena,Sin datos,Sin datos,Buena,O3,8,6,0,,6,0,
MIR,2024-03-06 18:00:00,18,Sí,0.048,0.438,,,,,0.33,Buena,Buena,Sin datos,Sin datos,Buena,O3,8,5,0,,5,0,
MIR,2024-03-06 19:00:00,19,Sí,0.032,0.597,,,,,0.38,Buena,Buena,Sin datos,Sin datos,Buena,O3,8,4,0,,4,0,
MIR,2024-03-06 20:00:00,20,Sí,0.028,0.593,,,,,0.42,Buena,Buena,Sin datos,Sin datos,Buena,O3,8,3,0,,3,0,
MIR,2024-03-06 21:00:00,21,Sí,0.031,0.41,,,,,0.42,Buena,Buena,Sin datos,Sin datos,Buena,O3,8,2,0,,2,0,
MIR,2024-03-06 22:00:00,22,Sí,0.031,0.367,,,,,0.43,Buena,Buena,Sin datos,Sin datos,Buena,O3,8,1,0,,1,0,
MIR,2024-03-06 23:00:00,23,Sí,0.027,0.375,,,,,0.44,Buena,Buena,Sin datos,Sin datos,Buena,O3,8,0,0,,0,0,
MIR,2024-03-07 00:00:00,0,Sí,0.005,0.631,,,,,0.47,Buena,Buena,Sin datos,Sin datos,Buena,CO,8,0,0,,0,0,
MIR,2024-03-07 01:00:00,1,Sí,0.0,0.663,,,,,0.51,Buena,Buena,Sin datos,Sin datos,Buena,CO,8,0,0,,0,0,
MIR,2024-03-07 02:00:00,2,Sí,0.0,0.512,,,,,0.52,Buena,Buena,Sin datos,Sin datos,Buena,CO,8,0,0,,0,0,
MIR,2024-03-07 03:00:00,3,Sí,0.002,0.409,,,,,0.5,Buena,Buena,Sin datos,Sin datos,Buena,CO,8,0,0,,0,0,
MIR,2024-03-07 04:00:00,4,Sí,0.008,0.381,,,,,0.47,Buena,Buena,Sin datos,Sin datos,Buena,O3,8,0,0,,0,0,
MIR,2024-03-07 05:00:00,5,Sí,0.0,0.731,,,,,0.51,Buena,Buena,Sin datos,Sin datos,Buena,CO,8,0,0,,0,0,
MIR,2024-03-07 06:00:00,6,Sí,0.0,1.273,,,,,0.62,Buena,Buena,Sin datos,Sin datos,Buena,CO,8,0,0,,0,0,
MIR,2024-03-07 07:00:00,7,Sí,0.001,2.485,,,,,0.89,Buena,Buena,Sin datos,Sin datos,Buena,CO,8,0,0,,0,0,
MIR,2024-03-07 08:00:00,8,Sí,0.003,1.094,,,,,0.94,Buena,Buena,Sin datos,Sin datos,Buena,CO,8,0,0,,0,0,
MIR,2024-03-07 09:00:00,9,Sí,0.01,0.449,190.0,64.0,,,0.92,Buena,Buena,Sin datos,Sin datos,Buena,CO,8,1,1,,1,1,
MIR,2024-03-07 10:00:00,10,Sí,0.026,0.422,181.0,59.0,132.0,42.0,0.91,Buena,Buena,Mala,Mala,Mala,PM10,8,2,2,0.95,2,2,0.92
MIR,2024-03-07 11:00:00,11,Sí,0.045,,144.0,40.0,119.0,35.0,0.98,Buena,Buena,Mala,Mala,Mala,PM10,7,3,3,0.76,3,3,0.62
MIR,2024-03-07 12:00:00,12,Sí,0.047,0.264,40.0,6.0,69.0,18.0,0.96,Buena,Buena,Mala,Aceptable,Mala,PM10,7,4,3,0.5,4,3,0.5
MIR,2024-03-07 13:00:00,13,Sí,0.049,0.302,29.0,4.0,44.0,10.0,0.9,Buena,Buena,Buena,Buena,Buena,PM10,7,5,3,0.5,5,3,0.5
MIR,2024-03-07 14:00:00,14,Sí,0.055,0.297,24.0,3.0,31.0,6.0,0.76,Buena,Buena,Buena,Buena,Buena,O3,7,6,3,0.5,6,3,0.5
MIR,2024-03-07 15:00:00,15,Sí,0.055,0.283,38.0,5.0,29.0,5.0,0.44,Buena,Buena,Buena,Buena,Buena,O3,7,7,3,0.5,7,3,0.5
MIR,2024-03-07 16:00:00,16,Sí,0.052,0.288,26.0,4.0,24.0,3.0,0.33,Buena,Buena,Buena,Buena,Buena,O3,7,8,3,0.5,8,3,0.5
MIR,2024-03-07 17:00:00,17,Sí,0.048,0.315,21.0,0.0,19.0,2.0,0.31,Buena,Buena,Buena,Buena,Buena,O3,7,9,3,0.5,9,3,0.5
MIR,2024-03-07 18:00:00,18,Sí,0.039,0.482,26.0,4.0,19.0,2.0,0.32,Buena,Buena,Buena,Buena,Buena,O3,7,10,3,0.5,10,3,0.5
MIR,2024-03-07 19:00:00,19,Sí,0.03,0.51,29.0,4.0,20.0,3.0,0.34,Buena,Buena,Buena,Buena,Buena,O3,8,11,3,0.5,11,3,0.5
MIR,2024-03-07 20:00:00,20,Sí,0.03,0.447,35.0,6.0,22.0,3.0,0.37,Buena,Buena,Buena,Buena,Buena,O3,8,12,3,0.5,12,3,0.5
MIR,2024-03-07 21:00:00,21,Sí,0.029,0.397,40.0,8.0,26.0,4.0,0.38,Buena,Buena,Buena,Buena,Buena,PM10,8,12,3,0.5,12,3,0.5
MIR,2024-03-07 22:00:00,22,Sí,0.026,0.37,33.0,7.0,24.0,5.0,0.39,Buena,Buena,Buena,Buena,Buena,PM10,8,12,3,0.5,12,3,0.5
MIR,2024-03-07 23:00:00,23,Sí,0.024,0.359,23.0,6.0,21.0,4.0,0.4,Buena,Buena,Buena,Buena,Buena,PM10,8,12,3,0.53,12,3,0.5
MIR,2024-03-08 00:00:00,0,Sí,0.019,0.382,20.0,8.0,17.0,5.0,0.41,Buena,Buena,Buena,Buena,Buena,PM10,8,12,3,0.5,12,3,0.5
MIR,2024-03-08 01:00:00,1,Sí,0.011,0.526,23.0,11.0,17.0,6.0,0.43,Buena,Buena,Buena,Buena,Buena,PM2.5,8,12,3,0.5,12,3,0.5
MIR,2024-03-08 02:00:00,2,Sí,0.005,0.344,58.0,17.0,29.0,9.0,0.42,Buena,Buena,Buena,Buena,Buena,PM10,8,12,3,0.5,12,3,0.5
MIR,2024-03-08 03:00:00,3,Sí,0.008,0.383,69.0,16.0,39.0,10.0,0.4,Buena,Buena,Buena,Buena,Buena,PM10,8,12,3,0.5,12,3,0.5
MIR,2024-03-08 04:00:00,4,Sí,0.0,0.71,87.0,21.0,51.0,12.0,0.43,Buena,Buena,Aceptable,Buena,Aceptable,PM10,8,12,3,0.5,12,3,0.5
MIR,2024-03-08 05:00:00,5,Sí,0.0,0.749,103.0,46.0,62.0,22.0,0.48,Buena,Buena,Mala,Aceptable,Mala,PM10,8,12,3,0.5,12,3,0.5
MIR,2024-03-08 06:00:00,6,Sí,0.0,1.111,119.0,56.0,74.0,31.0,0.57,Buena,Buena,Mala,Aceptable,Mala,PM10,8,12,3,0.5,12,3,0.5
MIR,2024-03-08 07:00:00,7,Sí,0.001,1.889,150.0,62.0,91.0,37.0,0.76,Buena,Buena,Mala,Mala,Mala,PM10,8,12,3,0.5,12,3,0.5
MIR,2024-03-08 08:00:00,8,Sí,0.003,1.711,192.0,79.0,114.0,46.0,0.93,Buena,Buena,Mala,Mala,Mala,PM10,8,12,3,0.5,12,3,0.5
MIR,2024-03-08 09:00:00,9,Sí,0.009,0.786,297.0,113.0,163.0,62.0,0.96,Buena,Buena,Muy Mala,Mala,Muy Mala,PM10,8,12,3,0.5,12,3,0.5
MIR,2024-03-08 10:00:00,10,Sí,0.021,0.282,234.0,79.0,165.0,58.0,0.95,Buena,Buena,Muy Mala,Mala,Muy Mala,PM10,8,12,3,0.5,12,3,0.5
MIR,2024-03-08 11:00:00,11,Sí,0.038,0.019,80.0,20.0,111.0,36.0,0.91,Buena,Buena,Mala,Mala,Mala,PM10,8,12,3,0.5,12,3,0.5
MIR,2024-03-08 12:00:00,12,Sí,0.043,0.313,38.0,3.0,69.0,19.0,0.86,Buena,Buena,Mala,Aceptable,Mala,PM10,8,12,3,0.5,12,3,0.5
MIR,2024-03-08 13:00:00,13,Sí,0.054,0.304,50.0,9.0,52.0,12.0,0.8,Buena,Buena,Aceptable,Buena,Aceptable,PM10,8,12,3,0.5,12,3,0.5
MIR,2024-03-08 14:00:00,14,Sí,0.048,0.287,53.0,7.0,45.0,9.0,0.7,Buena,Buena,Buena,Buena,Buena,PM10,8,12,3,0.5,12,3,0.5
MIR,2024-03-08 15:00:00,15,Sí,0.047,0.33,42.0,4.0,38.0,6.0,0.5,Buena,Buena,Buena,Buena,Buena,PM10,8,12,3,0.5,12,3,0.5
MIR,2024-03-08 16:00:00,16,Sí,0.046,0.32,40.0,3.0,33.0,4.0,0.33,Buena,Buena,Buena,Buena,Buena,O3,8,12,3,0.5,12,3,0.5
MIR,2024-03-08 17:00:00,17,Sí,0.042,0.336,29.0,4.0,27.0,3.0,0.27,Buena,Buena,Buena,Buena,Buena,O3,8,12,3,0.5,12,3,0.5
MIR,2024-03-08 18:00:00,18,Sí,0.026,0.46,26.0,3.0,23.0,3.0,0.3,Buena,Buena,Buena,Buena,Buena,PM10,8,12,3,0.5,12,3,0.5
MIR,2024-03-08 19:00:00,19,Sí,0.018,0.521,38.0,5.0,25.0,3.0,0.36,Buena,Buena,Buena,Buena,Buena,PM10,8,12,3,0.5,12,3,0.5
MIR,2024-03-08 20:00:00,20,Sí,0.019,0.495,31.0,6.0,24.0,3.0,0.38,Buena,Buena,Buena,Buena,Buena,PM10,8,12,3,0.5,12,3,0.5
MIR,2024-03-08 21:00:00,21,Sí,0.011,0.582,26.0,6.0,21.0,4.0,0.42,Buena,Buena,Buena,Buena,Buena,PM10,8,12,3,0.5,12,3,0.5
MIR,2024-03-08 22:00:00,22,Sí,0.001,0.922,41.0,5.0,25.0,3.0,0.5,Buena,Buena,Buena,Buena,Buena,PM10,8,12,3,0.5,12,3,0.5
MIR,2024-03-08 23:00:00,23,Sí,0.001,1.119,61.0,17.0,34.0,8.0,0.59,Buena,Buena,Buena,Buena,Buena,PM10,8,12,3,0.5,12,3,0.5
MIR,2024-03-09 00:00:00,0,Sí,0.0,0.892,49.0,11.0,35.0,8.0,0.67,Buena,Buena,Buena,Buena,Buena,PM10,8,12,3,0.5,12,3,0.5
MIR,2024-03-09 01:00:00,1,Sí,0.0,0.465,161.0,52.0,75.0,22.0,0.68,Buena,Buena,Mala,Aceptable,Mala,PM10,8,12,3,0.5,12,3,0.5
MIR,2024-03-09 02:00:00,2,Sí,0.002,0.501,66.0,17.0,61.0,17.0,0.69,Buena,Buena,Mala,Aceptable,Mala,PM10,8,12,3,0.5,12,3,0.5
MIR,2024-03-09 03:00:00,3,Sí,,0.828,51.0,17.0,49.0,15.0,0.73,Sin datos,Buena,Aceptable,Buena,Aceptable,PM10,8,12,3,0.5,12,3,0.5
MIR,2024-03-09 04:00:00,4,Sí,,0.6,122.0,41.0,68.0,22.0,0.74,Sin datos,Buena,Mala,Aceptable,Mala,PM10,8,12,3,0.5,12,3,0.5
MIR,2024-03-09 05:00:00,5,Sí,,0.71,96.0,36.0,69.0,23.0,0.75,Sin datos,Buena,Mala,Aceptable,Mala,PM10,8,12,3,0.5,12,3,0.5
MIR,2024-03-09 06:00:00,6,Sí,,1.082,124.0,44.0,79.0,27.0,0.77,Sin datos,Buena,Mala,Aceptable,Mala,PM10,8,12,3,0.5,12,3,0.5
MIR,2024-03-09 07:00:00,7,Sí,,2.327,147.0,46.0,91.0,29.0,0.93,Sin datos,Buena,Mala,Aceptable,Mala,PM10,8,12,3,0.5,12,3,0.5
MIR,2024-03-09 08:00:00,8,Sí,0.004,0.481,243.0,56.0,133.0,34.0,0.87,Buena,Buena,Muy Mala,Mala,Muy Mala,PM10,8,12,3,0.5,12,3,0.5
MIR,2024-03-09 09:00:00,9,Sí,0.017,0.363,125.0,50.0,111.0,35.0,0.86,Buena,Buena,Mala,Mala,Mala,PM10,8,12,3,0.5,12,3,0.5
MIR,2024-03-09 10:00:00,10,Sí,0.037,0.575,146.0,55.0,108.0,36.0,0.87,Buena,Buena,Mala,Mala,Mala,PM10,8,12,3,0.5,12,3,0.5
MIR,2024-03-09 11:00:00,11,Sí,0.049,0.298,102.0,37.0,90.0,31.0,0.8,Buena,Buena,Mala,Aceptable,Mala,PM10,8,12,3,0.5,12,3,0.5
MIR,2024-03-09 12:00:00,12,Sí,0.061,0.367,81.0,23.0,74.0,24.0,0.78,Aceptable,Buena,Mala,Aceptable,Mala,PM10,8,12,3,0.5,12,3,0.5
MIR,2024-03-09 13:00:00,13,Sí,0.051,0.333,59.0,15.0,58.0,17.0,0.73,Buena,Buena,Aceptable,Aceptable,Aceptable,PM10,8,12,3,0.5,12,3,0.5
MIR,2024-03-09 14:00:00,14,Sí,0.053,0.37,51.0,13.0,47.0,13.0,0.64,Buena,Buena,Aceptable,Buena,Aceptable,PM10,8,12,3,0.5,12,3,0.5
MIR,2024-03-09 15:00:00,15,Sí,0.047,0.31,51.0,11.0,42.0,10.0,0.39,Buena,Buena,Buena,Buena,Buena,PM10,8,12,3,0.5,12,3,0.5
MIR,2024-03-09 16:00:00,16,Sí,0.047,0.355,59.0,7.0,42.0,8.0,0.37,Buena,Buena,Buena,Buena,Buena,PM10,8,12,3,0.5,12,3,0.5
MIR,2024-03-09 17:00:00,17,Sí,0.048,0.379,45.0,2.0,37.0,4.0,0.37,Buena,Buena,Buena,Buena,Buena,O3,8,12,3,0.5,12,3,0.5
MIR,2024-03-09 18:00:00,18,Sí,0.046,0.419,34.0,4.0,31.0,3.0,0.35,Buena,Buena,Buena,Buena,Buena,O3,8,12,3,0.5,12,3,0.5
MIR,2024-03-09 19:00:00,19,Sí,0.043,0.487,29.0,9.0,26.0,5.0,0.38,Buena,Buena,Buena,Buena,Buena,O3,8,12,3,0.5,12,3,0.5
MIR,2024-03-09 20:00:00,20,Sí,0.035,0.543,34.0,10.0,25.0,6.0,0.4,Buena,Buena,Buena,Buena,Buena,O3,8,12,3,0.5,12,3,0.5
MIR,2024-03-09 21:00:00,21,Sí,0.033,0.458,33.0,12.0,24.0,7.0,0.42,Buena,Buena,Buena,Buena,Buena,O3,8,12,3,0.5,12,3,0.5
MIR,2024-03-09 22:00:00,22,Sí,0.027,0.56,33.0,15.0,24.0,9.0,0.44,Buena,Buena,Buena,Buena,Buena,PM2.5,8,12,3,0.5,12,3,0.5
MIR,2024-03-09 23:00:00,23,Sí,0.019,0.643,29.0,14.0,22.0,9.0,0.48,Buena,Buena,Buena,Buena,Buena,PM2.5,8,12,3,0.5,12,3,0.5
MIR,2024-03-10 00:00:00,0,Sí,0.015,0.629,24.0,11.0,20.0,8.0,0.51,Buena,Buena,Buena,Buena,Buena,PM2.5,8,12,3,0.5,12,3,0.5
MIR,2024-03-10 01:00:00,1,Sí,0.003,0.858,28.0,13.0,20.0,9.0,0.57,Buena,Buena,Buena,Buena,Buena,PM2.5,8,12,3,0.5,12,3,0.5
MIR,2024-03-10 02:00:00,2,Sí,0.0,0.675,55.0,18.0,29.0,10.0,0.61,Buena,Buena,Buena,Buena,Buena,PM2.5,8,12,3,0.5,12,3,0.5
MIR,2024-03-10 03:00:00,3,Sí,0.003,0.487,65.0,26.0,38.0,15.0,0.61,Buena,Buena,Buena,Buena,Buena,PM2.5,8,12,3,0.5,12,3,0.5
MIR,2024-03-10 04:00:00,4,Sí,0.0,0.778,52.0,21.0,38.0,15.0,0.64,Buena,Buena,Buena,Buena,Buena,PM2.5,8,12,3,0.5,12,3,0.5
MIR,2024-03-10 05:00:00,5,Sí,0.001,1.309,100.0,48.0,54.0,24.0,0.74,Buena,Buena,Aceptable,Aceptable,Aceptable,PM10,8,12,3,0.5,12,3,0.5
MIR,2024-03-10 06:00:00,6,Sí,0.0,1.481,157.0,82.0,84.0,40.0,0.86,Buena,Buena,Mala,Mala,Mala,PM10,8,12,3,0.5,12,3,0.5
MIR,2024-03-10 07:00:00,7,Sí,0.0,1.511,183.0,105.0,107.0,57.0,0.97,Buena,Buena,Mala,Mala,Mala,PM10,8,12,3,0.5,12,3,0.5
MIR,2024-03-10 08:00:00,8,Sí,0.009,1.013,172.0,83.0,115.0,57.0,1.01,Buena,Buena,Mala,Mala,Mala,PM10,8,12,3,0.5,12,3,0.5
MIR,2024-03-10 09:00:00,9,Sí,0.034,0.192,156.0,73.0,113.0,54.0,0.93,Buena,Buena,Mala,Mala,Mala,PM10,8,12,3,0.5,12,3,0.5
MIR,2024-03-10 10:00:00,10,Sí,0.062,0.418,95.0,51.0,91.0,44.0,0.9,Aceptable,Buena,Mala,Mala,Mala,PM10,8,12,3,0.5,12,3,0.5
MIR,2024-03-10 11:00:00,11,Sí,0.064,0.274,84.0,42.0,75.0,37.0,0.87,Aceptable,Buena,Mala,Mala,Mala,PM10,8,12,3,0.5,12,3,0.5
MIR,2024-03-10 12:00:00,12,Sí,0.07,0.357,55.0,19.0,57.0,25.0,0.82,Aceptable,Buena,Aceptable,Aceptable,Aceptable,PM10,8,12,3,0.5,12,3,0.5
MIR,2024-03-10 13:00:00,13,Sí,0.06,0.275,43.0,13.0,44.0,17.0,0.69,Aceptable,Buena,Buena,Aceptable,Aceptable,PM2.5,8,12,3,0.5,12,3,0.5
MIR,2024-03-10 14:00:00,14,Sí,0.051,0.331,23.0,8.0,30.0,11.0,0.55,Buena,Buena,Buena,Buena,Buena,O3,8,12,3,0.5,12,3,0.5
MIR,2024-03-10 15:00:00,15,Sí,0.051,0.314,16.0,4.0,21.0,7.0,0.4,Buena,Buena,Buena,Buena,Buena,O3,8,12,3,0.5,12,3,0.5
MIR,2024-03-10 16:00:00,16,Sí,0.049,0.398,20.0,5.0,18.0,6.0,0.32,Buena,Buena,Buena,Buena,Buena,O3,8,12,3,0.5,12,3,0.5
MIR,2024-03-10 17:00:00,17,Sí,0.051,0.376,26.0,9.0,18.0,6.0,0.34,Buena,Buena,Buena,Buena,Buena,O3,8,12,3,0.5,12,3,0.5
MIR,2024-03-10 18:00:00,18,Sí,0.056,0.431,23.0,6.0,17.0,5.0,0.34,Buena,Buena,Buena,Buena,Buena,O3,8,12,3,0.5,12,3,0.5
MIR,2024-03-10 19:00:00,19,Sí,0.045,0.608,23.0,7.0,17.0,5.0,0.39,Buena,Buena,Buena,Buena,Buena,O3,8,12,3,0.5,12,3,0.5
MIR,2024-03-10 20:00:00,20,Sí,0.034,0.57,19.0,4.0,15.0,4.0,0.41,Buena,Buena,Buena,Buena,Buena,O3,8,12,3,0.5,12,3,0.5
MIR,2024-03-10 21:00:00,21,Sí,0.035,0.537,34.0,8.0,20.0,5.0,0.45,Buena,Buena,Buena,Buena,Buena,O3,8,12,3,0.5,12,3,0.5
MIR,2024-03-10 22:00:00,22,Sí,0.027,0.63,46.0,10.0,26.0,6.0,0.48,Buena,Buena,Buena,Buena,Buena,PM10,8,12,3,0.5,12,3,0.5
MIR,2024-03-10 23:00:00,23,Sí,0.014,0.752,43.0,15.0,29.0,8.0,0.54,Buena,Buena,Buena,Buena,Buena,PM10,8,12,3,0.5,12,3,0.5
MIR,2024-03-11 00:00:00,0,Sí,0.02,0.538,44.0,18.0,30.0,10.0,0.56,Buena,Buena,Buena,Buena,Buena,PM10,8,12,3,0.5,12,3,0.5
MIR,2024-03-11 01:00:00,1,Sí,0.004,0.547,38.0,12.0,29.0,9.0,0.58,Buena,Buena,Buena,Buena,Buena,PM10,8,12,3,0.5,12,3,0.5
MIR,2024-03-11 02:00:00,2,Sí,0.0,0.671,95.0,18.0,48.0,11.0,0.61,Buena,Buena,Aceptable,Buena,Aceptable,PM10,8,12,3,0.5,12,3,0.5
MIR,2024-03-11 03:00:00,3,Sí,0.002,0.576,63.0,22.0,46.0,13.0,0.6,Buena,Buena,Aceptable,Buena,Aceptable,PM10,8,12,3,0.5,12,3,0.5
MIR,2024-03-11 04:00:00,4,Sí,0.0,0.535,51.0,23.0,41.0,15.0,0.6,Buena,Buena,Buena,Buena,Buena,PM2.5,8,12,3,0.5,12,3,0.5
MIR,2024-03-11 05:00:00,5,Sí,0.0,0.844,71.0,36.0,46.0,19.0,0.64,Buena,Buena,Aceptable,Aceptable,Aceptable,PM2.5,8,12,3,0.5,12,3,0.5
MIR,2024-03-11 06:00:00,6,Sí,0.0,1.839,119.0,61.0,66.0,31.0,0.79,Buena,Buena,Mala,Aceptable,Mala,PM10,8,12,3,0.5,12,3,0.5
MIR,2024-03-11 07:00:00,7,Sí,0.001,2.716,138.0,57.0,82.0,35.0,1.03,Buena,Buena,Mala,Mala,Mala,PM10,8,12,3,0.5,12,3,0.5
MIR,2024-03-11 08:00:00,8,Sí,0.003,1.362,292.0,119.0,145.0,59.0,1.14,Buena,Buena,Muy Mala,Mala,Muy Mala,PM10,8,12,3,0.5,12,3,0.5
MIR,2024-03-11 09:00:00,9,Sí,0.02,,275.0,102.0,171.0,65.0,1.22,Buena,Buena,Muy Mala,Mala,Muy Mala,PM10,7,12,3,0.5,12,3,0.5
MIR,2024-03-11 10:00:00,10,Sí,0.044,0.337,154.0,55.0,141.0,51.0,1.17,Buena,Buena,Muy Mala,Mala,Muy Mala,PM10,7,12,3,0.5,12,3,0.5
MIR,2024-03-11 11:00:00,11,Sí,0.055,0.182,91.0,26.0,103.0,35.0,1.12,Buena,Buena,Mala,Mala,Mala,PM10,7,12,3,0.5,12,3,0.5
MIR,2024-03-11 12:00:00,12,Sí,0.052,0.243,83.0,28.0,81.0,27.0,1.07,Buena,Buena,Mala,Aceptable,Mala,PM10,7,12,3,0.5,12,3,0.5
MIR,2024-03-11 13:00:00,13,Sí,0.06,0.141,52.0,17.0,59.0,19.0,0.97,Aceptable,Buena,Aceptable,Aceptable,Aceptable,PM10,7,12,3,0.5,12,3,0.5
MIR,2024-03-11 14:00:00,14,Sí,0.063,0.319,42.0,11.0,44.0,14.0,0.76,Aceptable,Buena,Buena,Buena,Aceptable,O3,7,12,3,0.5,12,3,0.5
MIR,2024-03-11 15:00:00,15,Sí,0.049,0.335,42.0,9.0,37.0,10.0,0.42,Buena,Buena,Buena,Buena,Buena,O3,7,12,3,0.5,12,3,0.5
MIR,2024-03-11 16:00:00,16,Sí,0.041,0.332,38.0,5.0,32.0,7.0,0.27,Buena,Buena,Buena,Buena,Buena,PM10,7,12,3,0.5,12,3,0.5
MIR,2024-03-11 17:00:00,17,Sí,0.043,0.352,30.0,5.0,27.0,5.0,0.28,Buena,Buena,Buena,Buena,Buena,O3,8,12,3,0.5,12,3,0.5
MIR,2024-03-11 18:00:00,18,Sí,0.036,0.443,28.0,4.0,24.0,4.0,0.29,Buena,Buena,Buena,Buena,Buena,O3,8,12,3,0.5,12,3,0.5
MIR,2024-03-11 19:00:00,19,Sí,0.028,0.617,24.0,9.0,20.0,5.0,0.35,Buena,Buena,Buena,Buena,Buena,O3,8,12,3,0.5,12,3,0.5
MIR,2024-03-11 20:00:00,20,Sí,0.035,0.427,38.0,8.0,24.0,6.0,0.37,Buena,Buena,Buena,Buena,Buena,O3,8,12,3,0.5,12,3,0.5
MIR,2024-03-11 21:00:00,21,Sí,0.024,0.468,51.0,11.0,30.0,6.0,0.41,Buena,Buena,Buena,Buena,Buena,PM10,8,12,3,0.5,12,3,0.5
MIR,2024-03-11 22:00:00,22,Sí,0.037,0.386,49.0,17.0,33.0,9.0,0.42,Buena,Buena,Buena,Buena,Buena,PM10,8,12,3,0.5,12,3,0.5
MIR,2024-03-11 23:00:00,23,Sí,0.033,0.3,33.0,11.0,28.0,8.0,0.42,Buena,Buena,Buena,Buena,Buena,PM10,8,12,3,0.5,12,3,0.5
MIR,2024-03-12 00:00:00,0,Sí,0.028,0.381,31.0,9.0,25.0,8.0,0.42,Buena,Buena,Buena,Buena,Buena,PM10,8,12,3,0.5,12,3,0.5
MIR,2024-03-12 01:00:00,1,Sí,0.028,0.344,30.0,15.0,24.0,9.0,0.42,Buena,Buena,Buena,Buena,Buena,PM2.5,8,12,3,0.5,12,3,0.5
MIR,2024-03-12 02:00:00,2,Sí,0.021,0.367,29.0,7.0,22.0,7.0,0.41,Buena,Buena,Buena,Buena,Buena,PM10,8,12,3,0.5,12,3,0.5
MIR,2024-03-12 03:00:00,3,Sí,0.015,0.44,23.0,15.0,19.0,8.0,0.39,Buena,Buena,Buena,Buena,Buena,PM2.5,8,12,3,0.5,12,3,0.5
MIR,2024-03-12 04:00:00,4,Sí,0.012,0.379,41.0,15.0,24.0,10.0,0.38,Buena,Buena,Buena,Buena,Buena,PM2.5,8,12,3,0.5,12,3,0.5
MIR,2024-03-12 05:00:00,5,Sí,0.024,0.333,49.0,16.0,29.0,10.0,0.37,Buena,Buena,Buena,Buena,Buena,PM2.5,8,12,3,0.5,12,3,0.5
MIR,2024-03-12 06:00:00,6,Sí,0.002,1.074,28.0,11.0,25.0,9.0,0.45,Buena,Buena,Buena,Buena,Buena,PM2.5,8,12,3,0.5,12,3,0.5
MIR,2024-03-12 07:00:00,7,Sí,0.001,2.353,110.0,24.0,51.0,12.0,0.71,Buena,Buena,Aceptable,Buena,Aceptable,PM10,8,12,3,0.5,12,3,0.5
MIR,2024-03-12 08:00:00,8,Sí,0.005,0.539,155.0,49.0,81.0,24.0,0.73,Buena,Buena,Mala,Aceptable,Mala,PM10,8,12,3,0.5,12,3,0.5
MIR,2024-03-12 09:00:00,9,Sí,0.02,0.228,176.0,48.0,104.0,28.0,0.71,Buena,Buena,Mala,Aceptable,Mala,PM10,8,12,3,0.5,12,3,0.5
MIR,2024-03-12 10:00:00,10,Sí,0.041,0.208,123.0,49.0,96.0,31.0,0.69,Buena,Buena,Mala,Aceptable,Mala,PM10,8,12,3,0.5,12,3,0.5
MIR,2024-03-12 11:00:00,11,Sí,0.049,0.092,73.0,27.0,74.0,25.0,0.65,Buena,Buena,Mala,Aceptable,Mala,PM10,8,12,3,0.5,12,3,0.5
MIR,2024-03-12 12:00:00,12,Sí,0.06,0.338,66.0,22.0,61.0,20.0,0.65,Aceptable,Buena,Mala,Aceptable,Mala,PM10,8,12,3,0.5,12,3,0.5
MIR,2024-03-12 13:00:00,13,Sí,0.07,0.315,58.0,16.0,51.0,15.0,0.64,Aceptable,Buena,Aceptable,Buena,Aceptable,PM10,8,12,3,0.5,12,3,0.5
MIR,2024-03-12 14:00:00,14,Sí,0.055,0.297,53.0,16.0,44.0,13.0,0.55,Buena,Buena,Buena,Buena,Buena,PM10,8,12,3,0.5,12,3,0.5
MIR,2024-03-12 15:00:00,15,Sí,0.054,0.281,47.0,18.0,39.0,13.0,0.29,Buena,Buena,Buena,Buena,Buena,O3,8,12,3,0.5,12,3,0.5
MIR,2024-03-12 16:00:00,16,Sí,0.046,0.3,41.0,13.0,34.0,11.0,0.26,Buena,Buena,Buena,Buena,Buena,O3,8,12,3,0.5,12,3,0.5
MIR,2024-03-12 17:00:00,17,Sí,0.038,0.331,34.0,10.0,29.0,9.0,0.27,Buena,Buena,Buena,Buena,Buena,O3,8,12,3,0.5,12,3,0.5
MIR,2024-03-12 18:00:00,18,Sí,0.035,0.397,,,29.0,9.0,0.29,Buena,Buena,Buena,Buena,Buena,PM10,8,11,2,0.5,11,2,0.5
MIR,2024-03-12 19:00:00,19,Sí,0.028,0.556,,,,,0.35,Buena,Buena,Sin datos,Sin datos,Buena,O3,8,10,1,,10,1,
MIR,2024-03-12 20:00:00,20,Sí,0.033,0.441,,,,,0.36,Buena,Buena,Sin datos,Sin datos,Buena,O3,8,9,0,,9,0,
MIR,2024-03-12 21:00:00,21,Sí,0.026,0.576,,,,,0.4,Buena,Buena,Sin datos,Sin datos,Buena,O3,8,8,0,,8,0,
MIR,2024-03-12 22:00:00,22,Sí,0.025,0.431,,,,,0.41,Buena,Buena,Sin datos,Sin datos,Buena,O3,8,7,0,,7,0,
MIR,2024-03-12 23:00:00,23,Sí,0.019,0.45,,,,,0.44,Buena,Buena,Sin datos,Sin datos,Buena,O3,8,6,0,,6,0,
MIR,2024-03-13 00:00:00,0,Sí,0.017,0.426,,,,,0.45,Buena,Buena,Sin datos,Sin datos,Buena,O3,8,5,0,,5,0,
MIR,2024-03-13 01:00:00,1,Sí,0.01,0.324,33.0,,,,0.45,Buena,Buena,Sin datos,Sin datos,Buena,O3,8,5,1,,4,0,
MIR,2024-03-13 02:00:00,2,Sí,0.007,0.481,63.0,,38.0,,0.46,Buena,Buena,Buena,Sin datos,Buena,PM10,8,5,2,0.52,3,0,
MIR,2024-03-13 03:00:00,3,Sí,0.01,0.414,56.0,,39.0,,0.44,Buena,Buena,Buena,Sin datos,Buena,PM10,8,5,3,0.52,2,0,
MIR,2024-03-13 04:00:00,4,Sí,0.003,0.625,57.0,,40.0,,0.47,Buena,Buena,Buena,Sin datos,Buena,PM10,8,5,3,0.52,1,0,
MIR,2024-03-13 05:00:00,5,Sí,0.0,0.865,65.0,,44.0,,0.5,Buena,Buena,Buena,Sin datos,Buena,PM10,8,5,3,0.51,0,0,
MIR,2024-03-13 06:00:00,6,Sí,0.0,0.762,107.0,,60.0,,0.54,Buena,Buena,Aceptable,Sin datos,Aceptable,PM10,8,6,3,0.5,0,0,
MIR,2024-03-13 07:00:00,7,Sí,0.001,2.437,141.0,,81.0,,0.79,Buena,Buena,Mala,Sin datos,Mala,PM10,8,7,3,0.5,0,0,
MIR,2024-03-13 08:00:00,8,Sí,0.004,0.659,253.0,,131.0,,0.82,Buena,Buena,Mala,Sin datos,Mala,PM10,8,8,3,0.5,0,0,
MIR,2024-03-13 09:00:00,9,Sí,0.023,,191.0,,134.0,,0.89,Buena,Buena,Muy Mala,Sin datos,Muy Mala,PM10,7,9,3,0.5,0,0,
MIR,2024-03-13 10:00:00,10,Sí,0.043,0.298,142.0,,118.0,,0.87,Buena,Buena,Mala,Sin datos,Mala,PM10,7,10,3,0.5,0,0,
MIR,2024-03-13 11:00:00,11,Sí,0.052,0.216,69.0,,84.0,,0.84,Buena,Buena,Mala,Sin datos,Mala,PM10,7,11,3,0.5,0,0,
MIR,2024-03-13 12:00:00,12,Sí,0.057,0.322,58.0,,62.0,,0.79,Buena,Buena,Mala,Sin datos,Mala,PM10,7,12,3,0.5,0,0,
MIR,2024-03-13 13:00:00,13,Sí,0.057,0.29,64.0,,54.0,,0.71,Buena,Buena,Aceptable,Sin datos,Aceptable,PM10,7,12,3,0.5,0,0,
MIR,2024-03-13 14:00:00,14,Sí,0.054,0.302,45.0,,43.0,,0.65,Buena,Buena,Buena,Sin datos,Buena,PM10,7,12,3,0.5,0,0,
MIR,2024-03-13 15:00:00,15,Sí,0.046,0.259,41.0,,36.0,,0.34,Buena,Buena,Buena,Sin datos,Buena,PM10,7,12,3,0.5,0,0,
MIR,2024-03-13 16:00:00,16,Sí,0.044,0.301,40.0,,32.0,,0.28,Buena,Buena,Buena,Sin datos,Buena,O3,7,12,3,0.5,0,0,
MIR,2024-03-13 17:00:00,17,Sí,0.042,0.343,36.0,,29.0,,0.29,Buena,Buena,Buena,Sin datos,Buena,O3,8,12,3,0.5,0,0,
MIR,2024-03-13 18:00:00,18,Sí,0.038,0.447,36.0,,27.0,,0.31,Buena,Buena,Buena,Sin datos,Buena,O3,8,12,3,0.5,0,0,
MIR,2024-03-13 19:00:00,19,Sí,0.025,0.653,39.0,,28.0,,0.36,Buena,Buena,Buena,Sin datos,Buena,PM10,8,12,3,0.5,0,0,
MIR,2024-03-13 20:00:00,20,Sí,0.026,0.481,61.0,,36.0,,0.38,Buena,Buena,Buena,Sin datos,Buena,PM10,8,12,3,0.5,0,0,
MIR,2024-03-13 21:00:00,21,Sí,0.024,0.463,48.0,,35.0,,0.41,Buena,Buena,Buena,Sin datos,Buena,PM10,8,12,3,0.5,0,0,
MIR,2024-03-13 22:00:00,22,Sí,0.013,0.753,45.0,,34.0,,0.46,Buena,Buena,Buena,Sin datos,Buena,PM10,8,12,3,0.52,0,0,
MIR,2024-03-13 23:00:00,23,Sí,0.006,0.741,60.0,,38.0,,0.52,Buena,Buena,Buena,Sin datos,Buena,PM10,8,12,3,0.56,0,0,
MIR,2024-03-14 00:00:00,0,Sí,0.006,0.616,72.0,,45.0,,0.56,Buena,Buena,Buena,Sin datos,Buena,PM10,8,12,3,0.5,0,0,
MIR,2024-03-14 01:00:00,1,Sí,0.003,0.543,86.0,,53.0,,0.59,Buena,Buena,Aceptable,Sin datos,Aceptable,PM10,8,12,3,0.5,0,0,
MIR,2024-03-14 02:00:00,2,Sí,0.002,0.446,58.0,,47.0,,0.59,Buena,Buena,Aceptable,Sin datos,Aceptable,PM10,8,12,3,0.5,0,0,
MIR,2024-03-14 03:00:00,3,Sí,,0.439,47.0,,41.0,,0.56,Sin datos,Buena,Buena,Sin datos,Buena,PM10,8,12,3,0.5,0,0,
MIR,2024-03-14 04:00:00,4,Sí,,0.673,46.0,,36.0,,0.58,Sin datos,Buena,Buena,Sin datos,Buena,PM10,8,12,3,0.5,0,0,
MIR,2024-03-14 05:00:00,5,Sí,,0.918,99.0,,54.0,,0.64,Sin datos,Buena,Aceptable,Sin datos,Aceptable,PM10,8,12,3,0.5,0,0,
MIR,2024-03-14 06:00:00,6,Sí,,0.973,118.0,,69.0,,0.67,Sin datos,Buena,Mala,Sin datos,Mala,PM10,8,12,3,0.5,0,0,
MIR,2024-03-14 07:00:00,7,Sí,,1.488,150.0,,88.0,,0.76,Sin datos,Buena,Mala,Sin datos,Mala,PM10,8,12,3,0.5,0,0,
MIR,2024-03-14 08:00:00,8,Sí,0.006,0.73,150.0,,98.0,,0.78,Buena,Buena,Mala,Sin datos,Mala,PM10,8,12,3,0.5,0,0,
MIR,2024-03-14 09:00:00,9,Sí,0.01,0.561,157.0,,105.0,,0.78,Buena,Buena,Mala,Sin datos,Mala,PM10,8,12,3,0.5,0,0,
MIR,2024-03-14 10:00:00,10,Sí,0.029,0.19,223.0,,132.0,,0.75,Buena,Buena,Mala,Sin datos,Mala,PM10,8,12,3,0.5,0,0,
MIR,2024-03-14 11:00:00,11,Sí,0.047,,108.0,,104.0,,0.79,Buena,Buena,Mala,Sin datos,Mala,PM10,7,12,3,0.5,0,0,
MIR,2024-03-14 12:00:00,12,Sí,0.046,0.269,55.0,,72.0,,0.73,Buena,Buena,Mala,Sin datos,Mala,PM10,7,12,3,0.5,0,0,
MIR,2024-03-14 13:00:00,13,Sí,0.047,0.227,47.0,,53.0,,0.63,Buena,Buena,Aceptable,Sin datos,Aceptable,PM10,7,12,3,0.5,0,0,
MIR,2024-03-14 14:00:00,14,Sí,0.051,0.296,31.0,,37.0,,0.54,Buena,Buena,Buena,Sin datos,Buena,O3,7,12,3,0.5,0,0,
MIR,2024-03-14 15:00:00,15,Sí,0.042,0.271,31.0,,30.0,,0.36,Buena,Buena,Buena,Sin datos,Buena,O3,7,12,3,0.5,0,0,
MIR,2024-03-14 16:00:00,16,Sí,0.036,0.333,38.0,5.0,29.0,,0.31,Buena,Buena,Buena,Sin datos,Buena,PM10,7,12,3,0.5,1,1,
MIR,2024-03-14 17:00:00,17,Sí,0.03,0.343,44.0,5.0,30.0,3.0,0.28,Buena,Buena,Buena,Buena,Buena,PM10,7,12,3,0.5,2,2,1.0
MIR,2024-03-14 18:00:00,18,Sí,0.032,0.369,69.0,7.0,39.0,4.0,0.3,Buena,Buena,Buena,Buena,Buena,PM10,7,12,3,0.5,3,3,0.71
MIR,2024-03-14 19:00:00,19,Sí,0.029,0.481,69.0,11.0,44.0,6.0,0.32,Buena,Buena,Buena,Buena,Buena,PM10,8,12,3,0.5,4,3,0.5
MIR,2024-03-14 20:00:00,20,Sí,0.036,0.387,53.0,9.0,41.0,6.0,0.34,Buena,Buena,Buena,Buena,Buena,PM10,8,12,3,0.5,5,3,0.5
MIR,2024-03-14 21:00:00,21,Sí,0.035,0.434,67.0,19.0,44.0,10.0,0.36,Buena,Buena,Buena,Buena,Buena,PM10,8,12,3,0.5,6,3,0.5
MIR,2024-03-14 22:00:00,22,Sí,0.032,0.369,49.0,19.0,40.0,12.0,0.37,Buena,Buena,Buena,Buena,Buena,PM10,8,12,3,0.5,7,3,0.5
MIR,2024-03-14 23:00:00,23,Sí,0.031,0.277,40.0,15.0,34.0,11.0,0.37,Buena,Buena,Buena,Buena,Buena,PM10,8,12,3,0.5,8,3,0.5
MIR,2024-03-15 00:00:00,0,Sí,0.025,0.335,25.0,11.0,26.0,9.0,0.37,Buena,Buena,Buena,Buena,Buena,PM2.5,8,12,3,0.5,9,3,0.5
MIR,2024-03-15 01:00:00,1,Sí,0.004,0.469,34.0,10.0,25.0,8.0,0.39,Buena,Buena,Buena,Buena,Buena,PM10,8,12,3,0.5,10,3,0.5
MIR,2024-03-15 02:00:00,2,Sí,0.004,0.523,54.0,20.0,32.0,11.0,0.41,Buena,Buena,Buena,Buena,Buena,PM2.5,8,12,3,0.5,11,3,0.5
MIR,2024-03-15 03:00:00,3,Sí,0.008,0.423,51.0,21.0,34.0,12.0,0.4,Buena,Buena,Buena,Buena,Buena,PM2.5,8,12,3,0.5,12,3,0.5
MIR,2024-03-15 04:00:00,4,Sí,0.003,0.514,38.0,13.0,31.0,11.0,0.42,Buena,Buena,Buena,Buena,Buena,PM2.5,8,12,3,0.5,12,3,0.5
MIR,2024-03-15 05:00:00,5,Sí,0.0,0.944,38.0,16.0,29.0,11.0,0.48,Buena,Buena,Buena,Buena,Buena,PM2.5,8,12,3,0.5,12,3,0.5
MIR,2024-03-15 06:00:00,6,Sí,0.0,1.113,102.0,40.0,51.0,19.0,0.57,Buena,Buena,Aceptable,Aceptable,Aceptable,PM10,8,12,3,0.5,12,3,0.5
MIR,2024-03-15 07:00:00,7,Sí,0.001,2.028,116.0,48.0,67.0,26.0,0.79,Buena,Buena,Mala,Aceptable,Mala,PM10,8,12,3,0.5,12,3,0.5
MIR,2024-03-15 08:00:00,8,Sí,0.006,0.779,142.0,54.0,84.0,32.0,0.85,Buena,Buena,Mala,Aceptable,Mala,PM10,8,12,3,0.5,12,3,0.5
MIR,2024-03-15 09:00:00,9,Sí,0.025,,111.0,42.0,81.0,31.0,0.9,Buena,Buena,Mala,Aceptable,Mala,PM10,7,12,3,0.5,12,3,0.5
MIR,2024-03-15 10:00:00,10,Sí,0.041,0.206,72.0,24.0,66.0,24.0,0.86,Buena,Buena,Mala,Aceptable,Mala,PM10,7,12,3,0.5,12,3,0.5
MIR,2024-03-15 11:00:00,11,Sí,0.044,0.13,89.0,29.0,65.0,22.0,0.82,Buena,Buena,Mala,Aceptable,Mala,PM10,7,12,3,0.5,12,3,0.5
MIR,2024-03-15 12:00:00,12,Sí,0.048,0.118,94.0,27.0,66.0,20.0,0.76,Buena,Buena,Mala,Aceptable,Mala,PM10,7,12,3,0.5,12,3,0.5
MIR,2024-03-15 13:00:00,13,Sí,0.048,0.092,46.0,15.0,49.0,15.0,0.64,Buena,Buena,Aceptable,Buena,Aceptable,PM10,7,12,3,0.5,12,3,0.5
MIR,2024-03-15 14:00:00,14,Sí,0.047,0.144,48.0,12.0,42.0,12.0,0.5,Buena,Buena,Buena,Buena,Buena,PM10,7,12,3,0.5,12,3,0.5
MIR,2024-03-15 15:00:00,15,Sí,0.04,0.105,45.0,15.0,37.0,11.0,0.22,Buena,Buena,Buena,Buena,Buena,PM10,7,12,3,0.5,12,3,0.5
MIR,2024-03-15 16:00:00,16,Sí,0.035,0.125,49.0,8.0,36.0,8.0,0.13,Buena,Buena,Buena,Buena,Buena,PM10,7,12,3,0.5,12,3,0.5
MIR,2024-03-15 17:00:00,17,Sí,0.03,0.153,58.0,10.0,39.0,8.0,0.13,Buena,Buena,Buena,Buena,Buena,PM10,8,12,3,0.5,12,3,0.5
MIR,2024-03-15 18:00:00,18,Sí,0.028,0.258,40.0,9.0,34.0,7.0,0.14,Buena,Buena,Buena,Buena,Buena,PM10,8,12,3,0.5,12,3,0.5
MIR,2024-03-15 19:00:00,19,Sí,0.023,0.263,42.0,10.0,32.0,7.0,0.16,Buena,Buena,Buena,Buena,Buena,PM10,8,12,3,0.5,12,3,0.5
MIR,2024-03-15 20:00:00,20,Sí,0.016,0.412,44.0,11.0,31.0,7.0,0.19,Buena,Buena,Buena,Buena,Buena,PM10,8,12,3,0.5,12,3,0.5
MIR,2024-03-15 21:00:00,21,Sí,0.016,0.347,52.0,16.0,34.0,9.0,0.23,Buena,Buena,Buena,Buena,Buena,PM10,8,12,3,0.5,12,3,0.5
MIR,2024-03-15 22:00:00,22,Sí,0.013,0.368,32.0,13.0,29.0,9.0,0.25,Buena,Buena,Buena,Buena,Buena,PM10,8,12,3,0.5,12,3,0.5
MIR,2024-03-15 23:00:00,23,Sí,0.005,0.712,39.0,18.0,29.0,11.0,0.33,Buena,Buena,Buena,Buena,Buena,PM2.5,8,12,3,0.5,12,3,0.5
MIR,2024-03-16 00:00:00,0,Sí,,0.67,50.0,19.0,31.0,12.0,0.4,Sin datos,Buena,Buena,Buena,Buena,PM2.5,8,12,3,0.55,12,3,0.5
MIR,2024-03-16 01:00:00,1,Sí,,0.462,57.0,23.0,36.0,14.0,0.44,Sin datos,Buena,Buena,Buena,Buena,PM2.5,8,12,3,0.55,12,3,0.5
MIR,2024-03-16 02:00:00,2,Sí,,0.276,101.0,28.0,54.0,17.0,0.44,Sin datos,Buena,Aceptable,Aceptable,Aceptable,PM10,8,12,3,0.5,12,3,0.5
MIR,2024-03-16 03:00:00,3,Sí,,0.46,46.0,17.0,44.0,15.0,0.46,Sin datos,Buena,Buena,Buena,Buena,PM2.5,8,12,3,0.5,12,3,0.5
MIR,2024-03-16 04:00:00,4,Sí,,0.447,66.0,29.0,45.0,17.0,0.47,Sin datos,Buena,Buena,Aceptable,Aceptable,PM2.5,8,12,3,0.5,12,3,0.5
MIR,2024-03-16 05:00:00,5,Sí,,0.219,83.0,41.0,52.0,23.0,0.45,Sin datos,Buena,Aceptable,Aceptable,Aceptable,PM10,8,12,3,0.5,12,3,0.5
MIR,2024-03-16 06:00:00,6,Sí,0.001,1.745,43.0,22.0,41.0,19.0,0.62,Buena,Buena,Buena,Aceptable,Aceptable,PM2.5,8,12,3,0.5,12,3,0.5
MIR,2024-03-16 07:00:00,7,Sí,0.001,2.094,207.0,88.0,95.0,40.0,0.8,Buena,Buena,Mala,Mala,Mala,PM10,8,12,3,0.5,12,3,0.5
MIR,2024-03-16 08:00:00,8,Sí,0.005,1.007,234.0,120.0,131.0,62.0,0.84,Buena,Buena,Mala,Mala,Mala,PM10,8,12,3,0.5,12,3,0.5
MIR,2024-03-16 09:00:00,9,Sí,0.018,0.005,240.0,119.0,151.0,72.0,0.78,Buena,Buena,Muy Mala,Mala,Muy Mala,PM10,8,12,3,0.5,12,3,0.5
MIR,2024-03-16 10:00:00,10,Sí,0.038,0.056,164.0,69.0,134.0,60.0,0.75,Buena,Buena,Muy Mala,Mala,Muy Mala,PM10,8,12,3,0.5,12,3,0.5
MIR,2024-03-16 11:00:00,11,Sí,0.047,,79.0,28.0,95.0,40.0,0.8,Buena,Buena,Mala,Mala,Mala,PM10,7,12,3,0.5,12,3,0.5
MIR,2024-03-16 12:00:00,12,Sí,0.05,0.096,51.0,19.0,66.0,26.0,0.75,Buena,Buena,Mala,Aceptable,Mala,PM10,7,12,3,0.5,12,3,0.5
MIR,2024-03-16 13:00:00,13,Sí,0.054,0.099,35.0,6.0,46.0,15.0,0.73,Buena,Buena,Aceptable,Buena,Aceptable,PM10,7,12,3,0.5,12,3,0.5
MIR,2024-03-16 14:00:00,14,Sí,0.043,0.078,34.0,9.0,35.0,11.0,0.49,Buena,Buena,Buena,Buena,Buena,PM10,7,12,3,0.5,12,3,0.5
MIR,2024-03-16 15:00:00,15,Sí,0.04,0.083,35.0,6.0,30.0,8.0,0.2,Buena,Buena,Buena,Buena,Buena,O3,7,12,3,0.5,12,3,0.5
MIR,2024-03-16 16:00:00,16,Sí,0.031,0.124,43.0,6.0,30.0,6.0,0.08,Buena,Buena,Buena,Buena,Buena,PM10,7,12,3,0.5,12,3,0.5
MIR,2024-03-16 17:00:00,17,Sí,0.028,0.118,38.0,3.0,29.0,4.0,0.09,Buena,Buena,Buena,Buena,Buena,PM10,7,12,3,0.5,12,3,0.5
MIR,2024-03-16 18:00:00,18,Sí,0.028,0.145,43.0,5.0,30.0,3.0,0.11,Buena,Buena,Buena,Buena,Buena,PM10,7,12,3,0.5,12,3,0.5
MIR,2024-03-16 19:00:00,19,Sí,,,,,30.0,3.0,0.11,Sin datos,Buena,Buena,Buena,Buena,PM10,7,11,2,0.5,11,2,0.5
MIR,2024-03-16 20:00:00,20,Sí,,,,,,,0.11,Sin datos,Buena,Sin datos,Sin datos,Buena,CO,6,10,1,,10,1,
MIR,2024-03-16 21:00:00,21,Sí,,,,,,,,Sin datos,Sin datos,Sin datos,Sin datos,Sin datos,,5,9,0,,9,0,
MIR,2024-03-16 22:00:00,22,Sí,,,,,,,,Sin datos,Sin datos,Sin datos,Sin datos,Sin datos,,4,8,0,,8,0,
MIR,2024-03-16 23:00:00,23,Sí,,,,,,,,Sin datos,Sin datos,Sin datos,Sin datos,Sin datos,,3,7,0,,7,0,
MIR,2024-03-17 00:00:00,0,Sí,,,,,,,,Sin datos,Sin datos,Sin datos,Sin datos,Sin datos,,2,6,0,,6,0,
MIR,2024-03-17 01:00:00,1,Sí,,,,,,,,Sin datos,Sin datos,Sin datos,Sin datos,Sin datos,,1,5,0,,5,0,
MIR,2024-03-17 02:00:00,2,Sí,,,,,,,,Sin datos,Sin datos,Sin datos,Sin datos,Sin datos,,0,4,0,,4,0,
MIR,2024-03-17 03:00:00,3,Sí,,,,,,,,Sin datos,Sin datos,Sin datos,Sin datos,Sin datos,,0,3,0,,3,0,
MIR,2024-03-17 04:00:00,4,Sí,,,,,,,,Sin datos,Sin datos,Sin datos,Sin datos,Sin datos,,0,2,0,,2,0,
MIR,2024-03-17 05:00:00,5,Sí,,,,,,,,Sin datos,Sin datos,Sin datos,Sin datos,Sin datos,,0,1,0,,1,0,
MIR,2024-03-17 06:00:00,6,Sí,,,,,,,,Sin datos,Sin datos,Sin datos,Sin datos,Sin datos,,0,0,0,,0,0,
MIR,2024-03-17 07:00:00,7,Sí,,,,,,,,Sin datos,Sin datos,Sin datos,Sin datos,Sin datos,,0,0,0,,0,0,
MIR,2024-03-17 08:00:00,8,Sí,,,,,,,,Sin datos,Sin datos,Sin datos,Sin datos,Sin datos,,0,0,0,,0,0,
MIR,2024-03-17 09:00:00,9,Sí,,,,,,,,Sin datos,Sin datos,Sin datos,Sin datos,Sin datos,,0,0,0,,0,0,
MIR,2024-03-17 10:00:00,10,Sí,,,,,,,,Sin datos,Sin datos,Sin datos,Sin datos,Sin datos,,0,0,0,,0,0,
MIR,2024-03-17 11:00:00,11,Sí,,,,,,,,Sin datos,Sin datos,Sin datos,Sin datos,Sin datos,,0,0,0,,0,0,
MIR,2024-03-17 12:00:00,12,Sí,,,,,,,,Sin datos,Sin datos,Sin datos,Sin datos,Sin datos,,0,0,0,,0,0,
MIR,2024-03-17 13:00:00,13,Sí,,,,,,,,Sin datos,Sin datos,Sin datos,Sin datos,Sin datos,,0,0,0,,0,0,
MIR,2024-03-17 14:00:00,14,Sí,,,,,,,,Sin datos,Sin datos,Sin datos,Sin datos,Sin datos,,0,0,0,,0,0,
MIR,2024-03-17 15:00:00,15,Sí,,,,,,,,Sin datos,Sin datos,Sin datos,Sin datos,Sin datos,,0,0,0,,0,0,
MIR,2024-03-17 16:00:00,16,Sí,,,,,,,,Sin datos,Sin datos,Sin datos,Sin datos,Sin datos,,0,0,0,,0,0,
MIR,2024-03-17 17:00:00,17,Sí,,,,,,,,Sin datos,Sin datos,Sin datos,Sin datos,Sin datos,,0,0,0,,0,0,
MIR,2024-03-17 18:00:00,18,Sí,,,,,,,,Sin datos,Sin datos,Sin datos,Sin datos,Sin datos,,0,0,0,,0,0,
MIR,2024-03-17 19:00:00,19,Sí,,,,,,,,Sin datos,Sin datos,Sin datos,Sin datos,Sin datos,,0,0,0,,0,0,
MIR,2024-03-17 20:00:00,20,Sí,,,,,,,,Sin datos,Sin datos,Sin datos,Sin datos,Sin datos,,0,0,0,,0,0,
MIR,2024-03-17 21:00:00,21,Sí,,,,,,,,Sin datos,Sin datos,Sin datos,Sin datos,Sin datos,,0,0,0,,0,0,
MIR,2024-03-17 22:00:00,22,Sí,,,,,,,,Sin datos,Sin datos,Sin datos,Sin datos,Sin datos,,0,0,0,,0,0,
MIR,2024-03-17 23:00:00,23,Sí,,,,,,,,Sin datos,Sin datos,Sin datos,Sin datos,Sin datos,,0,0,0,,0,0,
MIR,2024-03-18 00:00:00,0,Sí,,,,,,,,Sin datos,Sin datos,Sin datos,Sin datos,Sin datos,,0,0,0,,0,0,
MIR,2024-03-18 01:00:00,1,Sí,,,,,,,,Sin datos,Sin datos,Sin datos,Sin datos,Sin datos,,0,0,0,,0,0,
MIR,2024-03-18 02:00:00,2,Sí,,,,,,,,Sin datos,Sin datos,Sin datos,Sin datos,Sin datos,,0,0,0,,0,0,
MIR,2024-03-18 03:00:00,3,Sí,,,,,,,,Sin datos,Sin datos,Sin datos,Sin datos,Sin datos,,0,0,0,,0,0,
MIR,2024-03-18 04:00:00,4,Sí,,,,,,,,Sin datos,Sin datos,Sin datos,Sin datos,Sin datos,,0,0,0,,0,0,
MIR,2024-03-18 05:00:00,5,Sí,,,,,,,,Sin datos,Sin datos,Sin datos,Sin datos,Sin datos,,0,0,0,,0,0,
MIR,2024-03-18 06:00:00,6,Sí,,,,,,,,Sin datos,Sin datos,Sin datos,Sin datos,Sin datos,,0,0,0,,0,0,
MIR,2024-03-18 07:00:00,7,Sí,,,,,,,,Sin datos,Sin datos,Sin datos,Sin datos,Sin datos,,0,0,0,,0,0,
MIR,2024-03-18 08:00:00,8,Sí,,,,,,,,Sin datos,Sin datos,Sin datos,Sin datos,Sin datos,,0,0,0,,0,0,
MIR,2024-03-18 09:00:00,9,Sí,0.024,0.306,,,,,,Buena,Sin datos,Sin datos,Sin datos,Buena,O3,1,0,0,,0,0,
MIR,2024-03-18 10:00:00,10,Sí,0.036,0.178,92.0,35.0,,,,Buena,Sin datos,Sin datos,Sin datos,Buena,O3,2,1,1,,1,1,
MIR,2024-03-18 11:00:00,11,Sí,0.04,,55.0,18.0,49.0,17.0,,Buena,Sin datos,Aceptable,Aceptable,Aceptable,PM10,2,2,2,0.6,2,2,0.51
MIR,2024-03-18 12:00:00,12,Sí,0.04,0.063,24.0,7.0,31.0,10.0,,Buena,Sin datos,Buena,Buena,Buena,O3,3,3,3,0.5,3,3,0.5
MIR,2024-03-18 13:00:00,13,Sí,0.043,0.042,28.0,4.0,25.0,6.0,,Buena,Sin datos,Buena,Buena,Buena,O3,4,4,3,0.5,4,3,0.5
MIR,2024-03-18 14:00:00,14,Sí,0.041,0.103,19.0,2.0,19.0,3.0,,Buena,Sin datos,Buena,Buena,Buena,O3,5,5,3,0.5,5,3,0.5
MIR,2024-03-18 15:00:00,15,Sí,0.042,0.142,27.0,4.0,19.0,3.0,0.14,Buena,Buena,Buena,Buena,Buena,O3,6,6,3,0.5,6,3,0.5
MIR,2024-03-18 16:00:00,16,Sí,0.04,0.359,22.0,5.0,17.0,3.0,0.17,Buena,Buena,Buena,Buena,Buena,O3,7,7,3,0.5,7,3,0.5
MIR,2024-03-18 17:00:00,17,Sí,0.04,0.212,25.0,4.0,18.0,3.0,0.16,Buena,Buena,Buena,Buena,Buena,O3,7,8,3,0.5,8,3,0.5
MIR,2024-03-18 18:00:00,18,Sí,0.036,0.145,21.0,1.0,16.0,2.0,0.15,Buena,Buena,Buena,Buena,Buena,O3,7,9,3,0.5,9,3,0.5
MIR,2024-03-18 19:00:00,19,Sí,0.027,0.335,25.0,2.0,17.0,1.0,0.18,Buena,Buena,Buena,Buena,Buena,O3,8,10,3,0.5,10,3,0.5
MIR,2024-03-18 20:00:00,20,Sí,0.02,0.437,22.0,4.0,16.0,2.0,0.22,Buena,Buena,Buena,Buena,Buena,PM10,8,11,3,0.5,11,3,0.5
MIR,2024-03-18 21:00:00,21,Sí,0.017,0.5,27.0,5.0,18.0,3.0,0.28,Buena,Buena,Buena,Buena,Buena,PM10,8,12,3,0.5,12,3,0.5
MIR,2024-03-18 22:00:00,22,Sí,0.011,0.518,31.0,8.0,20.0,4.0,0.33,Buena,Buena,Buena,Buena,Buena,PM10,8,12,3,0.5,12,3,0.5
MIR,2024-03-18 23:00:00,23,Sí,0.003,0.644,43.0,11.0,25.0,6.0,0.39,Buena,Buena,Buena,Buena,Buena,PM10,8,12,3,0.5,12,3,0.5
MIR,2024-03-19 00:00:00,0,Sí,0.023,0.097,37.0,17.0,26.0,9.0,0.36,Buena,Buena,Buena,Buena,Buena,PM2.5,8,12,3,0.5,12,3,0.5
MIR,2024-03-19 01:00:00,1,Sí,0.019,0.07,19.0,8.0,20.0,7.0,0.34,Buena,Buena,Buena,Buena,Buena,PM2.5,8,12,3,0.5,12,3,0.5
MIR,2024-03-19 02:00:00,2,Sí,0.011,0.357,25.0,11.0,19.0,8.0,0.37,Buena,Buena,Buena,Buena,Buena,PM2.5,8,12,3,0.5,12,3,0.5
MIR,2024-03-19 03:00:00,3,Sí,0.004,0.383,27.0,10.0,19.0,7.0,0.38,Buena,Buena,Buena,Buena,Buena,PM2.5,8,12,3,0.5,12,3,0.5
MIR,2024-03-19 04:00:00,4,Sí,0.008,0.26,42.0,11.0,24.0,8.0,0.35,Buena,Buena,Buena,Buena,Buena,PM10,8,12,3,0.5,12,3,0.5
MIR,2024-03-19 05:00:00,5,Sí,0.002,0.33,25.0,14.0,21.0,8.0,0.33,Buena,Buena,Buena,Buena,Buena,PM2.5,8,12,3,0.5,12,3,0.5
MIR,2024-03-19 06:00:00,6,Sí,0.001,1.196,28.0,16.0,21.0,10.0,0.42,Buena,Buena,Buena,Buena,Buena,PM2.5,8,12,3,0.5,12,3,0.5
MIR,2024-03-19 07:00:00,7,Sí,0.001,1.702,166.0,54.0,69.0,24.0,0.55,Buena,Buena,Mala,Aceptable,Mala,PM10,8,12,3,0.5,12,3,0.5
MIR,2024-03-19 08:00:00,8,Sí,0.004,0.812,184.0,63.0,101.0,34.0,0.64,Buena,Buena,Mala,Mala,Mala,PM10,8,12,3,0.5,12,3,0.5
MIR,2024-03-19 09:00:00,9,Sí,0.016,0.573,175.0,58.0,113.0,37.0,0.7,Buena,Buena,Mala,Mala,Mala,PM10,8,12,3,0.5,12,3,0.5
MIR,2024-03-19 10:00:00,10,Sí,0.035,,197.0,63.0,126.0,40.0,0.75,Buena,Buena,Mala,Mala,Mala,PM10,7,12,3,0.5,12,3,0.5
MIR,2024-03-19 11:00:00,11,Sí,0.042,,83.0,24.0,93.0,28.0,0.81,Buena,Buena,Mala,Aceptable,Mala,PM10,6,12,3,0.5,12,3,0.5
MIR,2024-03-19 12:00:00,12,Sí,0.051,0.016,58.0,14.0,67.0,19.0,0.77,Buena,Buena,Mala,Aceptable,Mala,PM10,6,12,3,0.5,12,3,0.5
MIR,2024-03-19 13:00:00,13,Sí,0.043,,33.0,8.0,46.0,12.0,,Buena,Sin datos,Aceptable,Buena,Aceptable,PM10,5,12,3,0.5,12,3,0.5
MIR,2024-03-19 14:00:00,14,Sí,0.047,0.102,22.0,6.0,31.0,8.0,,Buena,Sin datos,Buena,Buena,Buena,O3,5,12,3,0.5,12,3,0.5
MIR,2024-03-19 15:00:00,15,Sí,0.043,0.139,31.0,4.0,26.0,6.0,,Buena,Sin datos,Buena,Buena,Buena,O3,5,12,3,0.5,12,3,0.5
MIR,2024-03-19 16:00:00,16,Sí,0.039,0.186,25.0,3.0,22.0,3.0,,Buena,Sin datos,Buena,Buena,Buena,O3,5,12,3,0.5,12,3,0.5
MIR,2024-03-19 17:00:00,17,Sí,0.039,0.197,55.0,4.0,31.0,3.0,,Buena,Sin datos,Buena,Buena,Buena,PM10,5,12,3,0.5,12,3,0.5
MIR,2024-03-19 18:00:00,18,Sí,0.033,0.254,43.0,2.0,31.0,2.0,0.15,Buena,Buena,Buena,Buena,Buena,PM10,6,12,3,0.5,12,3,0.5
MIR,2024-03-19 19:00:00,19,Sí,0.028,0.389,31.0,4.0,26.0,3.0,0.18,Buena,Buena,Buena,Buena,Buena,PM10,7,12,3,0.5,12,3,0.5
MIR,2024-03-19 20:00:00,20,Sí,0.025,0.223,30.0,8.0,24.0,4.0,0.21,Buena,Buena,Buena,Buena,Buena,PM10,7,12,3,0.5,12,3,0.5
MIR,2024-03-19 21:00:00,21,Sí,0.029,0.148,26.0,9.0,21.0,5.0,0.2,Buena,Buena,Buena,Buena,Buena,O3,8,12,3,0.5,12,3,0.5
MIR,2024-03-19 22:00:00,22,Sí,0.026,0.194,28.0,6.0,21.0,5.0,0.22,Buena,Buena,Buena,Buena,Buena,PM10,8,12,3,0.5,12,3,0.5
MIR,2024-03-19 23:00:00,23,Sí,0.03,0.105,19.0,6.0,17.0,4.0,0.21,Buena,Buena,Buena,Buena,Buena,O3,8,12,3,0.5,12,3,0.5
MIR,2024-03-20 00:00:00,0,Sí,0.031,0.103,15.0,6.0,14.0,4.0,0.2,Buena,Buena,Buena,Buena,Buena,O3,8,12,3,0.5,12,3,0.5
MIR,2024-03-20 01:00:00,1,Sí,0.031,0.11,12.0,3.0,11.0,3.0,0.19,Buena,Buena,Buena,Buena,Buena,O3,8,12,3,0.5,12,3,0.5
MIR,2024-03-20 02:00:00,2,Sí,0.015,0.179,10.0,3.0,9.0,3.0,0.18,Buena,Buena,Buena,Buena,Buena,O3,8,12,3,0.5,12,3,0.5
MIR,2024-03-20 03:00:00,3,Sí,0.002,0.29,34.0,9.0,16.0,4.0,0.17,Buena,Buena,Buena,Buena,Buena,PM10,8,12,3,0.5,12,3,0.5
MIR,2024-03-20 04:00:00,4,Sí,0.003,0.222,,16.0,16.0,8.0,0.17,Buena,Buena,Buena,Buena,Buena,PM2.5,8,11,2,0.5,12,3,0.5
MIR,2024-03-20 05:00:00,5,Sí,0.002,0.392,39.0,15.0,24.0,9.0,0.2,Buena,Buena,Buena,Buena,Buena,PM2.5,8,11,2,0.5,12,3,0.5
MIR,2024-03-20 06:00:00,6,Sí,0.001,0.932,80.0,25.0,43.0,13.0,0.29,Buena,Buena,Buena,Buena,Buena,PM10,8,11,2,0.5,12,3,0.5
MIR,2024-03-20 07:00:00,7,Sí,0.0,2.194,70.0,22.0,46.0,15.0,0.55,Buena,Buena,Aceptable,Buena,Aceptable,PM10,8,11,3,0.5,12,3,0.5
MIR,2024-03-20 08:00:00,8,Sí,0.004,0.836,124.0,37.0,69.0,20.0,0.64,Buena,Buena,Mala,Aceptable,Mala,PM10,8,11,3,0.5,12,3,0.5
MIR,2024-03-20 09:00:00,9,Sí,0.018,,195.0,58.0,104.0,30.0,0.72,Buena,Buena,Mala,Aceptable,Mala,PM10,7,11,3,0.5,12,3,0.5
MIR,2024-03-20 10:00:00,10,Sí,0.04,0.263,124.0,34.0,96.0,27.0,0.73,Buena,Buena,Mala,Aceptable,Mala,PM10,7,11,3,0.5,12,3,0.5
MIR,2024-03-20 11:00:00,11,Sí,0.046,0.119,43.0,11.0,64.0,17.0,0.71,Buena,Buena,Mala,Aceptable,Mala,PM10,7,11,3,0.5,12,3,0.5
MIR,2024-03-20 12:00:00,12,Sí,0.054,0.182,28.0,10.0,41.0,12.0,0.7,Buena,Buena,Buena,Buena,Buena,O3,7,11,3,0.5,12,3,0.5
MIR,2024-03-20 13:00:00,13,Sí,0.057,0.175,20.0,7.0,28.0,8.0,0.67,Buena,Buena,Buena,Buena,Buena,O3,7,11,3,0.5,12,3,0.5
MIR,2024-03-20 14:00:00,14,Sí,0.049,0.152,43.0,6.0,29.0,6.0,0.56,Buena,Buena,Buena,Buena,Buena,O3,7,11,3,0.5,12,3,0.5
MIR,2024-03-20 15:00:00,15,Sí,0.046,0.158,31.0,5.0,26.0,5.0,0.27,Buena,Buena,Buena,Buena,Buena,O3,7,11,3,0.5,12,3,0.5
MIR,2024-03-20 16:00:00,16,Sí,0.041,0.119,28.0,4.0,23.0,4.0,0.17,Buena,Buena,Buena,Buena,Buena,O3,7,12,3,0.5,12,3,0.5
MIR,2024-03-20 17:00:00,17,Sí,0.039,0.189,30.0,5.0,22.0,3.0,0.17,Buena,Buena,Buena,Buena,Buena,O3,8,12,3,0.5,12,3,0.5
MIR,2024-03-20 18:00:00,18,Sí,0.031,0.247,30.0,5.0,21.0,3.0,0.17,Buena,Buena,Buena,Buena,Buena,O3,8,12,3,0.5,12,3,0.5
MIR,2024-03-20 19:00:00,19,Sí,0.023,0.285,41.0,6.0,26.0,4.0,0.19,Buena,Buena,Buena,Buena,Buena,PM10,8,12,3,0.5,12,3,0.5
MIR,2024-03-20 20:00:00,20,Sí,0.022,0.216,29.0,6.0,23.0,4.0,0.19,Buena,Buena,Buena,Buena,Buena,PM10,8,12,3,0.5,12,3,0.5
MIR,2024-03-20 21:00:00,21,Sí,0.019,0.295,24.0,6.0,20.0,4.0,0.21,Buena,Buena,Buena,Buena,Buena,PM10,8,12,3,0.5,12,3,0.5
MIR,2024-03-20 22:00:00,22,Sí,0.022,0.147,23.0,8.0,19.0,5.0,0.21,Buena,Buena,Buena,Buena,Buena,PM10,8,12,3,0.5,12,3,0.5
MIR,2024-03-20 23:00:00,23,Sí,0.019,0.138,26.0,6.0,19.0,4.0,0.2,Buena,Buena,Buena,Buena,Buena,PM10,8,12,3,0.5,12,3,0.5
MIR,2024-03-21 00:00:00,0,Sí,0.014,0.257,23.0,6.0,17.0,4.0,0.22,Buena,Buena,Buena,Buena,Buena,PM10,8,12,3,0.5,12,3,0.5
MIR,2024-03-21 01:00:00,1,Sí,0.004,0.33,37.0,17.0,21.0,8.0,0.24,Buena,Buena,Buena,Buena,Buena,PM2.5,8,12,3,0.53,12,3,0.5
MIR,2024-03-21 02:00:00,2,Sí,0.008,0.194,62.0,24.0,33.0,12.0,0.23,Buena,Buena,Buena,Buena,Buena,PM2.5,8,12,3,0.5,12,3,0.5
MIR,2024-03-21 03:00:00,3,Sí,0.001,0.226,41.0,17.0,31.0,12.0,0.23,Buena,Buena,Buena,Buena,Buena,PM2.5,8,12,3,0.5,12,3,0.5
MIR,2024-03-21 04:00:00,4,Sí,0.003,0.31,49.0,22.0,33.0,14.0,0.24,Buena,Buena,Buena,Buena,Buena,PM2.5,8,12,3,0.5,12,3,0.5
MIR,2024-03-21 05:00:00,5,Sí,0.001,0.636,38.0,18.0,30.0,13.0,0.28,Buena,Buena,Buena,Buena,Buena,PM2.5,8,12,3,0.5,12,3,0.5
MIR,2024-03-21 06:00:00,6,Sí,0.0,0.573,99.0,42.0,51.0,21.0,0.33,Buena,Buena,Aceptable,Aceptable,Aceptable,PM10,8,12,3,0.5,12,3,0.5
MIR,2024-03-21 07:00:00,7,Sí,0.001,0.969,112.0,45.0,65.0,26.0,0.44,Buena,Buena,Mala,Aceptable,Mala,PM10,8,12,3,0.5,12,3,0.5
MIR,2024-03-21 08:00:00,8,Sí,0.006,0.847,157.0,47.0,89.0,29.0,0.51,Buena,Buena,Mala,Aceptable,Mala,PM10,8,12,3,0.5,12,3,0.5
MIR,2024-03-21 09:00:00,9,Sí,0.025,0.118,194.0,60.0,114.0,35.0,0.48,Buena,Buena,Mala,Mala,Mala,PM10,8,12,3,0.5,12,3,0.5
MIR,2024-03-21 10:00:00,10,Sí,0.038,0.328,102.0,34.0,94.0,30.0,0.5,Buena,Buena,Mala,Aceptable,Mala,PM10,8,12,3,0.5,12,3,0.5
MIR,2024-03-21 11:00:00,11,Sí,0.039,0.144,64.0,23.0,69.0,23.0,0.49,Buena,Buena,Mala,Aceptable,Mala,PM10,8,12,3,0.5,12,3,0.5
MIR,2024-03-21 12:00:00,12,Sí,0.038,0.381,44.0,11.0,51.0,15.0,0.5,Buena,Buena,Aceptable,Buena,Aceptable,PM10,8,12,3,0.5,12,3,0.5
MIR,2024-03-21 13:00:00,13,Sí,0.037,0.401,59.0,10.0,46.0,11.0,0.47,Buena,Buena,Aceptable,Buena,Aceptable,PM10,8,12,3,0.5,12,3,0.5
MIR,2024-03-21 14:00:00,14,Sí,0.04,0.399,58.0,9.0,44.0,8.0,0.45,Buena,Buena,Buena,Buena,Buena,PM10,8,12,3,0.5,12,3,0.5
MIR,2024-03-21 15:00:00,15,Sí,0.041,0.393,60.0,14.0,44.0,9.0,0.38,Buena,Buena,Buena,Buena,Buena,PM10,8,12,3,0.5,12,3,0.5
MIR,2024-03-21 16:00:00,16,Sí,0.035,0.386,37.0,11.0,35.0,8.0,0.32,Buena,Buena,Buena,Buena,Buena,PM10,8,12,3,0.5,12,3,0.5
MIR,2024-03-21 17:00:00,17,Sí,0.033,0.48,66.0,10.0,41.0,8.0,0.36,Buena,Buena,Buena,Buena,Buena,PM10,8,12,3,0.5,12,3,0.5
MIR,2024-03-21 18:00:00,18,Sí,0.033,0.442,64.0,8.0,44.0,7.0,0.38,Buena,Buena,Buena,Buena,Buena,PM10,8,12,3,0.5,12,3,0.5
MIR,2024-03-21 19:00:00,19,Sí,0.026,0.533,76.0,9.0,49.0,6.0,0.43,Buena,Buena,Aceptable,Buena,Aceptable,PM10,8,12,3,0.5,12,3,0.5
MIR,2024-03-21 20:00:00,20,Sí,0.023,0.446,42.0,6.0,39.0,6.0,0.44,Buena,Buena,Buena,Buena,Buena,PM10,8,12,3,0.5,12,3,0.5
MIR,2024-03-21 21:00:00,21,Sí,0.018,0.409,29.0,2.0,30.0,3.0,0.44,Buena,Buena,Buena,Buena,Buena,PM10,8,12,3,0.5,12,3,0.5
MIR,2024-03-21 22:00:00,22,Sí,0.014,0.413,20.0,3.0,22.0,3.0,0.44,Buena,Buena,Buena,Buena,Buena,PM10,8,12,3,0.5,12,3,0.5
MIR,2024-03-21 23:00:00,23,Sí,0.011,0.434,9.0,9.0,14.0,4.0,0.44,Buena,Buena,Buena,Buena,Buena,PM10,8,12,3,0.5,12,3,0.5
MIR,2024-03-22 00:00:00,0,Sí,0.013,0.339,18.0,7.0,14.0,5.0,0.44,Buena,Buena,Buena,Buena,Buena,PM2.5,8,12,3,0.5,12,3,0.5
MIR,2024-03-22 01:00:00,1,Sí,0.012,0.341,14.0,4.0,11.0,3.0,0.42,Buena,Buena,Buena,Buena,Buena,PM10,8,12,3,0.5,12,3,0.5
MIR,2024-03-22 02:00:00,2,Sí,0.007,0.337,11.0,1.0,10.0,2.0,0.41,Buena,Buena,Buena,Buena,Buena,PM10,8,12,3,0.5,12,3,0.5
MIR,2024-03-22 03:00:00,3,Sí,0.001,0.514,26.0,4.0,14.0,3.0,0.4,Buena,Buena,Buena,Buena,Buena,PM10,8,12,3,0.5,12,3,0.5
MIR,2024-03-22 04:00:00,4,Sí,0.001,0.605,61.0,20.0,29.0,8.0,0.42,Buena,Buena,Buena,Buena,Buena,PM10,8,12,3,0.5,12,3,0.5
MIR,2024-03-22 05:00:00,5,Sí,0.001,1.094,64.0,27.0,37.0,13.0,0.51,Buena,Buena,Buena,Buena,Buena,PM2.5,8,12,3,0.5,12,3,0.5
MIR,2024-03-22 06:00:00,6,Sí,0.0,1.38,151.0,78.0,73.0,34.0,0.63,Buena,Buena,Mala,Mala,Mala,PM10,8,12,3,0.5,12,3,0.5
MIR,2024-03-22 07:00:00,7,Sí,0.001,1.463,155.0,70.0,91.0,41.0,0.76,Buena,Buena,Mala,Mala,Mala,PM10,8,12,3,0.5,12,3,0.5
MIR,2024-03-22 08:00:00,8,Sí,0.004,0.731,172.0,88.0,107.0,51.0,0.81,Buena,Buena,Mala,Mala,Mala,PM10,8,12,3,0.5,12,3,0.5
MIR,2024-03-22 09:00:00,9,Sí,0.012,0.394,120.0,47.0,96.0,42.0,0.81,Buena,Buena,Mala,Mala,Mala,PM10,8,12,3,0.5,12,3,0.5
MIR,2024-03-22 10:00:00,10,Sí,0.024,0.308,103.0,34.0,85.0,33.0,0.81,Buena,Buena,Mala,Aceptable,Mala,PM10,8,12,3,0.5,12,3,0.5
MIR,2024-03-22 11:00:00,11,Sí,0.043,0.089,54.0,16.0,62.0,22.0,0.76,Buena,Buena,Mala,Aceptable,Mala,PM10,8,12,3,0.5,12,3,0.5
MIR,2024-03-22 12:00:00,12,Sí,0.052,0.405,38.0,,44.0,22.0,0.73,Buena,Buena,Buena,Aceptable,Aceptable,PM2.5,8,12,3,0.5,11,2,0.5
MIR,2024-03-22 13:00:00,13,Sí,0.051,0.42,33.0,,34.0,,0.65,Buena,Buena,Buena,Sin datos,Buena,O3,8,12,3,0.5,10,1,
MIR,2024-03-22 14:00:00,14,Sí,0.051,0.377,36.0,,30.0,,0.52,Buena,Buena,Buena,Sin datos,Buena,O3,8,12,3,0.5,9,0,
MIR,2024-03-22 15:00:00,15,Sí,0.052,0.418,47.0,,31.0,,0.39,Buena,Buena,Buena,Sin datos,Buena,O3,8,12,3,0.5,8,0,
MIR,2024-03-22 16:00:00,16,Sí,0.053,0.416,35.0,3.0,29.0,,0.35,Buena,Buena,Buena,Sin datos,Buena,O3,8,12,3,0.5,8,1,
MIR,2024-03-22 17:00:00,17,Sí,0.049,0.476,24.0,5.0,23.0,3.0,0.36,Buena,Buena,Buena,Buena,Buena,O3,8,12,3,0.5,8,2,0.5
MIR,2024-03-22 18:00:00,18,Sí,0.043,0.473,28.0,5.0,21.0,3.0,0.38,Buena,Buena,Buena,Buena,Buena,O3,8,12,3,0.5,8,3,0.5
MIR,2024-03-22 19:00:00,19,Sí,0.043,0.522,40.0,8.0,25.0,5.0,0.44,Buena,Buena,Buena,Buena,Buena,O3,8,12,3,0.5,8,3,0.5
MIR,2024-03-22 20:00:00,20,Sí,0.024,0.848,28.0,9.0,22.0,6.0,0.49,Buena,Buena,Buena,Buena,Buena,PM10,8,12,3,0.5,8,3,0.5
MIR,2024-03-22 21:00:00,21,Sí,0.004,1.395,27.0,9.0,21.0,6.0,0.62,Buena,Buena,Buena,Buena,Buena,PM10,8,12,3,0.5,8,3,0.5
MIR,2024-03-22 22:00:00,22,Sí,0.0,1.576,63.0,20.0,33.0,10.0,0.77,Buena,Buena,Buena,Buena,Buena,PM10,8,12,3,0.5,8,3,0.5
MIR,2024-03-22 23:00:00,23,Sí,0.0,1.301,98.0,33.0,51.0,17.0,0.88,Buena,Buena,Aceptable,Aceptable,Aceptable,PM10,8,12,3,0.5,8,3,0.5
MIR,2024-03-23 00:00:00,0,Sí,0.001,0.837,56.0,28.0,46.0,18.0,0.93,Buena,Buena,Aceptable,Aceptable,Aceptable,PM2.5,8,12,3,0.5,9,3,0.5
MIR,2024-03-23 01:00:00,1,Sí,0.004,0.568,71.0,26.0,49.0,18.0,0.94,Buena,Buena,Aceptable,Aceptable,Aceptable,PM10,8,12,3,0.5,10,3,0.5
MIR,2024-03-23 02:00:00,2,Sí,0.005,0.729,39.0,23.0,38.0,17.0,0.97,Buena,Buena,Buena,Aceptable,Aceptable,PM2.5,8,12,3,0.5,11,3,0.5
MIR,2024-03-23 03:00:00,3,Sí,0.001,1.356,63.0,18.0,41.0,15.0,1.08,Buena,Buena,Buena,Buena,Buena,PM2.5,8,12,3,0.5,12,3,0.5
MIR,2024-03-23 04:00:00,4,Sí,0.0,0.753,174.0,84.0,83.0,37.0,1.06,Buena,Buena,Mala,Mala,Mala,PM10,8,12,3,0.5,12,3,0.5
MIR,2024-03-23 05:00:00,5,Sí,0.001,0.508,137.0,62.0,91.0,40.0,0.95,Buena,Buena,Mala,Mala,Mala,PM10,8,12,3,0.5,12,3,0.5
MIR,2024-03-23 06:00:00,6,Sí,0.0,0.988,66.0,33.0,69.0,31.0,0.88,Buena,Buena,Mala,Aceptable,Mala,PM10,8,12,3,0.5,12,3,0.5
MIR,2024-03-23 07:00:00,7,Sí,0.001,1.916,71.0,31.0,60.0,26.0,0.96,Buena,Buena,Aceptable,Aceptable,Aceptable,PM10,8,12,3,0.5,12,3,0.5
MIR,2024-03-23 08:00:00,8,Sí,0.006,1.308,111.0,36.0,69.0,26.0,1.02,Buena,Buena,Mala,Aceptable,Mala,PM10,8,12,3,0.5,12,3,0.5
MIR,2024-03-23 09:00:00,9,Sí,0.025,0.388,231.0,114.0,117.0,53.0,0.99,Buena,Buena,Mala,Mala,Mala,PM10,8,12,3,0.5,12,3,0.5
MIR,2024-03-23 10:00:00,10,Sí,0.05,0.463,155.0,73.0,114.0,51.0,0.96,Buena,Buena,Mala,Mala,Mala,PM10,8,12,3,0.5,12,3,0.5
MIR,2024-03-23 11:00:00,11,Sí,0.057,0.291,83.0,41.0,86.0,40.0,0.83,Buena,Buena,Mala,Mala,Mala,PM10,8,12,3,0.5,12,3,0.5
MIR,2024-03-23 12:00:00,12,Sí,0.076,0.379,92.0,40.0,76.0,34.0,0.78,Aceptable,Buena,Mala,Mala,Mala,PM10,8,12,3,0.5,12,3,0.5
MIR,2024-03-23 13:00:00,13,Sí,0.072,0.277,52.0,15.0,56.0,22.0,0.75,Aceptable,Buena,Aceptable,Aceptable,Aceptable,PM10,8,12,3,0.5,12,3,0.5
MIR,2024-03-23 14:00:00,14,Sí,0.07,0.4,25.0,7.0,37.0,13.0,0.68,Aceptable,Buena,Buena,Buena,Aceptable,O3,8,12,3,0.5,12,3,0.5
MIR,2024-03-23 15:00:00,15,Sí,0.067,0.39,23.0,5.0,27.0,8.0,0.49,Aceptable,Buena,Buena,Buena,Aceptable,O3,8,12,3,0.5,12,3,0.5
MIR,2024-03-23 16:00:00,16,Sí,0.066,0.441,28.0,6.0,24.0,6.0,0.38,Aceptable,Buena,Buena,Buena,Aceptable,O3,8,12,3,0.5,12,3,0.5
MIR,2024-03-23 17:00:00,17,Sí,0.066,0.451,27.0,13.0,21.0,8.0,0.39,Aceptable,Buena,Buena,Buena,Aceptable,O3,8,12,3,0.5,12,3,0.5
MIR,2024-03-23 18:00:00,18,Sí,0.062,0.461,27.0,8.0,20.0,7.0,0.39,Aceptable,Buena,Buena,Buena,Aceptable,O3,8,12,3,0.5,12,3,0.5
MIR,2024-03-23 19:00:00,19,Sí,0.05,0.573,34.0,7.0,22.0,6.0,0.42,Buena,Buena,Buena,Buena,Buena,O3,8,12,3,0.5,12,3,0.5
MIR,2024-03-23 20:00:00,20,Sí,0.049,0.519,50.0,15.0,29.0,8.0,0.44,Buena,Buena,Buena,Buena,Buena,O3,8,12,3,0.5,12,3,0.5
MIR,2024-03-23 21:00:00,21,Sí,0.046,0.542,56.0,19.0,34.0,10.0,0.47,Buena,Buena,Buena,Buena,Buena,O3,8,12,3,0.5,12,3,0.5
MIR,2024-03-23 22:00:00,22,Sí,0.046,0.503,56.0,19.0,37.0,12.0,0.49,Buena,Buena,Buena,Buena,Buena,PM10,8,12,3,0.5,12,3,0.5
MIR,2024-03-23 23:00:00,23,Sí,0.052,0.417,49.0,23.0,36.0,14.0,0.49,Buena,Buena,Buena,Buena,Buena,PM2.5,8,12,3,0.5,12,3,0.5
MIR,2024-03-24 00:00:00,0,Sí,0.056,0.384,30.0,12.0,29.0,11.0,0.48,Buena,Buena,Buena,Buena,Buena,O3,8,12,3,0.5,12,3,0.5
MIR,2024-03-24 01:00:00,1,Sí,0.058,0.345,32.0,12.0,26.0,10.0,0.47,Buena,Buena,Buena,Buena,Buena,O3,8,12,3,0.5,12,3,0.5
MIR,2024-03-24 02:00:00,2,Sí,0.058,0.389,17.0,11.0,19.0,9.0,0.46,Buena,Buena,Buena,Buena,Buena,O3,8,12,3,0.5,12,3,0.5
MIR,2024-03-24 03:00:00,3,Sí,0.051,0.424,16.0,8.0,15.0,7.0,0.44,Buena,Buena,Buena,Buena,Buena,O3,8,12,3,0.5,12,3,0.5
MIR,2024-03-24 04:00:00,4,Sí,0.047,0.417,16.0,8.0,14.0,6.0,0.43,Buena,Buena,Buena,Buena,Buena,O3,8,12,3,0.5,12,3,0.5
MIR,2024-03-24 05:00:00,5,Sí,0.023,0.56,16.0,13.0,12.0,8.0,0.43,Buena,Buena,Buena,Buena,Buena,PM2.5,8,12,3,0.5,12,3,0.5
MIR,2024-03-24 06:00:00,6,Sí,0.003,1.009,23.0,14.0,14.0,9.0,0.49,Buena,Buena,Buena,Buena,Buena,PM2.5,8,12,3,0.5,12,3,0.5
MIR,2024-03-24 07:00:00,7,Sí,0.004,1.128,51.0,28.0,26.0,14.0,0.58,Buena,Buena,Buena,Buena,Buena,PM2.5,8,12,3,0.5,12,3,0.5
MIR,2024-03-24 08:00:00,8,Sí,0.021,0.717,106.0,45.0,51.0,23.0,0.62,Buena,Buena,Aceptable,Aceptable,Aceptable,PM2.5,8,12,3,0.5,12,3,0.5
MIR,2024-03-24 09:00:00,9,Sí,0.038,0.418,100.0,46.0,61.0,27.0,0.63,Buena,Buena,Mala,Aceptable,Mala,PM10,8,12,3,0.5,12,3,0.5
MIR,2024-03-24 10:00:00,10,Sí,0.061,0.257,89.0,36.0,62.0,26.0,0.62,Aceptable,Buena,Mala,Aceptable,Mala,PM10,8,12,3,0.5,12,3,0.5
MIR,2024-03-24 11:00:00,11,Sí,0.064,0.1,34.0,10.0,44.0,17.0,0.58,Aceptable,Buena,Buena,Aceptable,Aceptable,O3,8,12,3,0.5,12,3,0.5
MIR,2024-03-24 12:00:00,12,Sí,0.064,0.42,42.0,6.0,36.0,10.0,0.58,Aceptable,Buena,Buena,Buena,Aceptable,O3,8,12,3,0.5,12,3,0.5
MIR,2024-03-24 13:00:00,13,Sí,0.061,0.456,,,36.0,10.0,0.56,Aceptable,Buena,Buena,Buena,Aceptable,O3,8,11,2,0.5,11,2,0.5
MIR,2024-03-24 14:00:00,14,Sí,0.06,0.447,,,,,0.49,Aceptable,Buena,Sin datos,Sin datos,Aceptable,O3,8,10,1,,10,1,
MIR,2024-03-24 15:00:00,15,Sí,0.059,0.646,,,,,0.43,Aceptable,Buena,Sin datos,Sin datos,Aceptable,O3,8,9,0,,9,0,
MIR,2024-03-24 16:00:00,16,Sí,0.057,0.715,,,,,0.43,Buena,Buena,Sin datos,Sin datos,Buena,O3,8,8,0,,8,0,
MIR,2024-03-24 17:00:00,17,Sí,0.052,1.253,,,,,0.54,Buena,Buena,Sin datos,Sin datos,Buena,O3,8,7,0,,7,0,
MIR,2024-03-24 18:00:00,18,Sí,0.069,0.027,,,,,0.51,Aceptable,Buena,Sin datos,Sin datos,Aceptable,O3,8,6,0,,6,0,
MIR,2024-03-24 19:00:00,19,Sí,0.047,0.317,146.0,7.0,,,0.54,Buena,Buena,Sin datos,Sin datos,Buena,O3,8,6,1,,6,1,
MIR,2024-03-24 20:00:00,20,Sí,0.034,0.569,35.0,25.0,51.0,13.0,0.55,Buena,Buena,Aceptable,Buena,Aceptable,PM10,8,6,2,0.5,6,2,0.5
MIR,2024-03-24 21:00:00,21,Sí,0.036,0.557,26.0,14.0,33.0,11.0,0.57,Buena,Buena,Buena,Buena,Buena,PM10,8,6,3,0.5,6,3,0.5
MIR,2024-03-24 22:00:00,22,Sí,0.036,0.518,26.0,12.0,25.0,10.0,0.58,Buena,Buena,Buena,Buena,Buena,PM2.5,8,6,3,0.5,6,3,0.5
MIR,2024-03-24 23:00:00,23,Sí,0.033,0.544,27.0,15.0,22.0,10.0,0.56,Buena,Buena,Buena,Buena,Buena,PM2.5,8,6,3,0.5,6,3,0.5
MIR,2024-03-25 00:00:00,0,Sí,0.026,0.539,27.0,10.0,21.0,8.0,0.54,Buena,Buena,Buena,Buena,Buena,PM2.5,8,6,3,0.5,6,3,0.5
MIR,2024-03-25 01:00:00,1,Sí,0.035,0.379,26.0,15.0,19.0,10.0,0.43,Buena,Buena,Buena,Buena,Buena,PM2.5,8,7,3,0.5,7,3,0.5
MIR,2024-03-25 02:00:00,2,Sí,0.044,0.418,26.0,8.0,19.0,8.0,0.48,Buena,Buena,Buena,Buena,Buena,O3,8,8,3,0.5,8,3,0.5
MIR,2024-03-25 03:00:00,3,Sí,0.031,0.497,16.0,11.0,15.0,8.0,0.5,Buena,Buena,Buena,Buena,Buena,O3,8,9,3,0.5,9,3,0.5
MIR,2024-03-25 04:00:00,4,Sí,0.008,0.566,38.0,22.0,21.0,11.0,0.5,Buena,Buena,Buena,Buena,Buena,PM2.5,8,10,3,0.5,10,3,0.5
MIR,2024-03-25 05:00:00,5,Sí,0.005,0.703,62.0,42.0,33.0,20.0,0.52,Buena,Buena,Buena,Aceptable,Aceptable,PM2.5,8,11,3,0.5,11,3,0.5
MIR,2024-03-25 06:00:00,6,Sí,0.008,0.816,59.0,41.0,37.0,24.0,0.56,Buena,Buena,Buena,Aceptable,Aceptable,PM2.5,8,12,3,0.5,12,3,0.5
MIR,2024-03-25 07:00:00,7,Sí,0.029,0.517,45.0,18.0,35.0,19.0,0.55,Buena,Buena,Buena,Aceptable,Aceptable,PM2.5,8,12,3,0.5,12,3,0.5
MIR,2024-03-25 08:00:00,8,Sí,0.048,0.288,50.0,12.0,35.0,13.0,0.52,Buena,Buena,Buena,Buena,Buena,PM2.5,8,12,3,0.5,12,3,0.5
MIR,2024-03-25 09:00:00,9,Sí,0.051,0.226,31.0,13.0,29.0,11.0,0.5,Buena,Buena,Buena,Buena,Buena,O3,8,12,3,0.5,12,3,0.5
MIR,2024-03-25 10:00:00,10,Sí,0.056,0.409,32.0,10.0,26.0,9.0,0.5,Buena,Buena,Buena,Buena,Buena,O3,8,12,3,0.5,12,3,0.5
MIR,2024-03-25 11:00:00,11,Sí,0.056,0.369,38.0,10.0,26.0,8.0,0.49,Buena,Buena,Buena,Buena,Buena,O3,8,12,3,0.5,12,3,0.5
MIR,2024-03-25 12:00:00,12,Sí,0.06,0.429,61.0,10.0,35.0,8.0,0.47,Aceptable,Buena,Buena,Buena,Aceptable,O3,8,12,3,0.5,12,3,0.5
MIR,2024-03-25 13:00:00,13,Sí,0.062,0.445,49.0,10.0,35.0,7.0,0.44,Aceptable,Buena,Buena,Buena,Aceptable,O3,8,12,3,0.5,12,3,0.5
MIR,2024-03-25 14:00:00,14,Sí,0.065,0.429,68.0,9.0,42.0,7.0,0.39,Aceptable,Buena,Buena,Buena,Aceptable,O3,8,12,3,0.5,12,3,0.5
MIR,2024-03-25 15:00:00,15,Sí,0.064,0.469,42.0,11.0,36.0,7.0,0.38,Aceptable,Buena,Buena,Buena,Aceptable,O3,8,12,3,0.5,12,3,0.5
MIR,2024-03-25 16:00:00,16,Sí,0.061,0.525,43.0,10.0,34.0,7.0,0.41,Aceptable,Buena,Buena,Buena,Aceptable,O3,8,12,3,0.5,12,3,0.5
MIR,2024-03-25 17:00:00,17,Sí,0.059,0.503,60.0,9.0,38.0,7.0,0.45,Aceptable,Buena,Buena,Buena,Aceptable,O3,8,12,3,0.5,12,3,0.5
MIR,2024-03-25 18:00:00,18,Sí,0.047,0.406,54.0,12.0,39.0,8.0,0.45,Buena,Buena,Buena,Buena,Buena,PM10,8,12,3,0.5,12,3,0.5
MIR,2024-03-25 19:00:00,19,Sí,0.041,0.523,36.0,11.0,32.0,8.0,0.47,Buena,Buena,Buena,Buena,Buena,PM10,8,12,3,0.5,12,3,0.69
MIR,2024-03-25 20:00:00,20,Sí,0.036,0.567,28.0,8.0,26.0,7.0,0.48,Buena,Buena,Buena,Buena,Buena,O3,8,12,3,0.5,12,3,0.62
MIR,2024-03-25 21:00:00,21,Sí,0.024,0.659,25.0,7.0,22.0,6.0,0.51,Buena,Buena,Buena,Buena,Buena,PM10,8,12,3,0.5,12,3,0.58
MIR,2024-03-25 22:00:00,22,Sí,0.012,0.761,35.0,15.0,24.0,8.0,0.55,Buena,Buena,Buena,Buena,Buena,PM10,8,12,3,0.5,12,3,0.5
MIR,2024-03-25 23:00:00,23,Sí,0.005,0.99,34.0,10.0,24.0,8.0,0.62,Buena,Buena,Buena,Buena,Buena,PM10,8,12,3,0.5,12,3,0.5
MIR,2024-03-26 00:00:00,0,Sí,0.0,0.827,48.0,15.0,29.0,9.0,0.65,Buena,Buena,Buena,Buena,Buena,PM10,8,12,3,0.5,12,3,0.5
MIR,2024-03-26 01:00:00,1,Sí,0.01,0.419,134.0,44.0,62.0,19.0,0.64,Buena,Buena,Mala,Aceptable,Mala,PM10,8,12,3,0.5,12,3,0.5
MIR,2024-03-26 02:00:00,2,Sí,0.006,0.707,39.0,18.0,45.0,16.0,0.68,Buena,Buena,Buena,Aceptable,Aceptable,PM2.5,8,12,3,0.5,12,3,0.5
MIR,2024-03-26 03:00:00,3,Sí,0.007,0.656,88.0,39.0,54.0,22.0,0.7,Buena,Buena,Aceptable,Aceptable,Aceptable,PM10,8,12,3,0.5,12,3,0.5
MIR,2024-03-26 04:00:00,4,Sí,0.004,0.693,92.0,38.0,60.0,24.0,0.71,Buena,Buena,Aceptable,Aceptable,Aceptable,PM10,8,12,3,0.5,12,3,0.5
MIR,2024-03-26 05:00:00,5,Sí,0.0,1.039,92.0,53.0,63.0,31.0,0.76,Buena,Buena,Mala,Aceptable,Mala,PM10,8,12,3,0.5,12,3,0.5
MIR,2024-03-26 06:00:00,6,Sí,0.0,1.208,131.0,64.0,78.0,37.0,0.82,Buena,Buena,Mala,Mala,Mala,PM10,8,12,3,0.5,12,3,0.5
MIR,2024-03-26 07:00:00,7,Sí,0.001,2.094,82.0,33.0,69.0,30.0,0.96,Buena,Buena,Mala,Aceptable,Mala,PM10,8,12,3,0.5,12,3,0.5
MIR,2024-03-26 08:00:00,8,Sí,0.006,0.729,247.0,94.0,122.0,48.0,0.94,Buena,Buena,Mala,Mala,Mala,PM10,8,12,3,0.5,12,3,0.5
MIR,2024-03-26 09:00:00,9,Sí,0.024,0.237,153.0,61.0,116.0,45.0,0.92,Buena,Buena,Mala,Mala,Mala,PM10,8,12,3,0.5,12,3,0.5
MIR,2024-03-26 10:00:00,10,Sí,0.043,0.444,139.0,59.0,108.0,43.0,0.89,Buena,Buena,Mala,Mala,Mala,PM10,8,12,3,0.5,12,3,0.5
MIR,2024-03-26 11:00:00,11,Sí,0.061,0.191,99.0,30.0,89.0,32.0,0.83,Aceptable,Buena,Mala,Aceptable,Mala,PM10,8,12,3,0.5,12,3,0.5
MIR,2024-03-26 12:00:00,12,Sí,0.065,0.288,53.0,16.0,64.0,22.0,0.78,Aceptable,Buena,Mala,Aceptable,Mala,PM10,8,12,3,0.5,12,3,0.5
MIR,2024-03-26 13:00:00,13,Sí,0.066,0.314,55.0,9.0,51.0,14.0,0.69,Aceptable,Buena,Aceptable,Buena,Aceptable,PM10,8,12,3,0.5,12,3,0.5
MIR,2024-03-26 14:00:00,14,Sí,0.063,0.385,44.0,12.0,41.0,11.0,0.59,Aceptable,Buena,Buena,Buena,Aceptable,O3,8,12,3,0.5,12,3,0.5
MIR,2024-03-26 15:00:00,15,Sí,0.059,0.37,109.0,8.0,59.0,8.0,0.37,Aceptable,Buena,Aceptable,Buena,Aceptable,PM10,8,12,3,0.5,12,3,0.5
MIR,2024-03-26 16:00:00,16,Sí,0.06,0.356,39.0,9.0,44.0,7.0,0.32,Aceptable,Buena,Buena,Buena,Aceptable,O3,8,12,3,0.5,12,3,0.5
MIR,2024-03-26 17:00:00,17,Sí,0.062,0.395,38.0,13.0,36.0,8.0,0.34,Aceptable,Buena,Buena,Buena,Aceptable,O3,8,12,3,0.5,12,3,0.5
MIR,2024-03-26 18:00:00,18,Sí,0.052,0.534,40.0,13.0,32.0,8.0,0.35,Buena,Buena,Buena,Buena,Buena,O3,8,12,3,0.5,12,3,0.5
MIR,2024-03-26 19:00:00,19,Sí,0.043,0.598,42.0,14.0,31.0,9.0,0.41,Buena,Buena,Buena,Buena,Buena,O3,8,12,3,0.5,12,3,0.5
MIR,2024-03-26 20:00:00,20,Sí,0.035,0.525,32.0,14.0,27.0,10.0,0.43,Buena,Buena,Buena,Buena,Buena,PM2.5,8,12,3,0.5,12,3,0.5
MIR,2024-03-26 21:00:00,21,Sí,0.021,0.7,24.0,11.0,22.0,8.0,0.48,Buena,Buena,Buena,Buena,Buena,PM2.5,8,12,3,0.5,12,3,0.5
MIR,2024-03-26 22:00:00,22,Sí,0.033,0.431,33.0,15.0,23.0,10.0,0.49,Buena,Buena,Buena,Buena,Buena,PM2.5,8,12,3,0.5,12,3,0.5
MIR,2024-03-26 23:00:00,23,Sí,0.026,0.417,31.0,11.0,22.0,8.0,0.49,Buena,Buena,Buena,Buena,Buena,PM2.5,8,12,3,0.5,12,3,0.5
MIR,2024-03-27 00:00:00,0,Sí,0.014,0.529,40.0,19.0,26.0,11.0,0.52,Buena,Buena,Buena,Buena,Buena,PM2.5,8,12,3,0.5,12,3,0.5
MIR,2024-03-27 01:00:00,1,Sí,0.005,0.658,48.0,24.0,30.0,14.0,0.55,Buena,Buena,Buena,Buena,Buena,PM2.5,8,12,3,0.5,12,3,0.5
MIR,2024-03-27 02:00:00,2,Sí,0.005,0.609,100.0,39.0,51.0,20.0,0.56,Buena,Buena,Aceptable,Aceptable,Aceptable,PM10,8,12,3,0.5,12,3,0.5
MIR,2024-03-27 03:00:00,3,Sí,0.003,0.671,106.0,40.0,63.0,24.0,0.57,Buena,Buena,Mala,Aceptable,Mala,PM10,8,12,3,0.5,12,3,0.5
MIR,2024-03-27 04:00:00,4,Sí,0.0,0.741,57.0,33.0,52.0,24.0,0.59,Buena,Buena,Aceptable,Aceptable,Aceptable,PM2.5,8,12,3,0.5,12,3,0.5
MIR,2024-03-27 05:00:00,5,Sí,0.001,1.083,84.0,37.0,56.0,24.0,0.64,Buena,Buena,Aceptable,Aceptable,Aceptable,PM10,8,12,3,0.5,12,3,0.5
MIR,2024-03-27 06:00:00,6,Sí,0.0,1.345,134.0,80.0,76.0,40.0,0.76,Buena,Buena,Mala,Mala,Mala,PM10,8,12,3,0.5,12,3,0.5
MIR,2024-03-27 07:00:00,7,Sí,0.001,2.445,90.0,47.0,70.0,36.0,1.01,Buena,Buena,Mala,Mala,Mala,PM10,8,12,3,0.5,12,3,0.5
MIR,2024-03-27 08:00:00,8,Sí,0.006,0.884,297.0,109.0,141.0,56.0,1.05,Buena,Buena,Muy Mala,Mala,Muy Mala,PM10,8,12,3,0.5,12,3,0.5
MIR,2024-03-27 09:00:00,9,Sí,0.021,0.196,200.0,85.0,142.0,58.0,1.0,Buena,Buena,Muy Mala,Mala,Muy Mala,PM10,8,12,3,0.5,12,3,0.5
MIR,2024-03-27 10:00:00,10,Sí,0.049,0.718,158.0,55.0,127.0,48.0,1.01,Buena,Buena,Mala,Mala,Mala,PM10,8,12,3,0.5,12,3,0.5
MIR,2024-03-27 11:00:00,11,Sí,0.068,0.341,87.0,34.0,95.0,35.0,0.97,Aceptable,Buena,Mala,Mala,Mala,PM10,8,12,3,0.5,12,3,0.5
MIR,2024-03-27 12:00:00,12,Sí,0.074,0.507,42.0,13.0,62.0,22.0,0.94,Aceptable,Buena,Mala,Aceptable,Mala,PM10,8,12,3,0.5,12,3,0.5
MIR,2024-03-27 13:00:00,13,Sí,0.08,0.392,31.0,13.0,42.0,16.0,0.85,Aceptable,Buena,Buena,Aceptable,Aceptable,O3,8,12,3,0.5,12,3,0.5
MIR,2024-03-27 14:00:00,14,Sí,0.091,0.492,29.0,12.0,31.0,12.0,0.75,Mala,Buena,Buena,Buena,Mala,O3,8,12,3,0.5,12,3,0.5
MIR,2024-03-27 15:00:00,15,Sí,0.09,0.523,23.0,13.0,24.0,10.0,0.51,Aceptable,Buena,Buena,Buena,Aceptable,O3,8,12,3,0.5,12,3,0.5
MIR,2024-03-27 16:00:00,16,Sí,0.088,0.393,32.0,15.0,24.0,10.0,0.45,Aceptable,Buena,Buena,Buena,Aceptable,O3,8,12,3,0.5,12,3,0.5
MIR,2024-03-27 17:00:00,17,Sí,0.061,0.405,33.0,12.0,24.0,10.0,0.47,Aceptable,Buena,Buena,Buena,Aceptable,O3,8,12,3,0.5,12,3,0.5
MIR,2024-03-27 18:00:00,18,Sí,0.044,0.547,26.0,17.0,21.0,10.0,0.45,Buena,Buena,Buena,Buena,Buena,O3,8,12,3,0.5,12,3,0.5
MIR,2024-03-27 19:00:00,19,Sí,0.024,0.86,19.0,11.0,17.0,9.0,0.51,Buena,Buena,Buena,Buena,Buena,PM2.5,8,12,3,0.5,12,3,0.5
MIR,2024-03-27 20:00:00,20,Sí,0.001,1.772,32.0,20.0,20.0,12.0,0.67,Buena,Buena,Buena,Buena,Buena,PM2.5,8,12,3,0.5,12,3,0.5
MIR,2024-03-27 21:00:00,21,Sí,0.011,0.989,43.0,18.0,26.0,12.0,0.75,Buena,Buena,Buena,Buena,Buena,PM2.5,8,12,3,0.5,12,3,0.5
MIR,2024-03-27 22:00:00,22,Sí,0.001,1.287,59.0,13.0,34.0,10.0,0.85,Buena,Buena,Buena,Buena,Buena,PM10,8,12,3,0.5,12,3,0.5
MIR,2024-03-27 23:00:00,23,Sí,0.001,0.874,89.0,26.0,49.0,15.0,0.89,Buena,Buena,Aceptable,Buena,Aceptable,PM10,8,12,3,0.5,12,3,0.5
MIR,2024-03-28 00:00:00,0,Sí,0.025,0.534,141.0,38.0,75.0,20.0,0.91,Buena,Buena,Mala,Aceptable,Mala,PM10,8,12,3,0.5,12,3,0.5
MIR,2024-03-28 01:00:00,1,Sí,0.01,0.976,66.0,24.0,61.0,19.0,0.98,Buena,Buena,Mala,Aceptable,Mala,PM10,8,12,3,0.5,12,3,0.5
MIR,2024-03-28 02:00:00,2,Sí,0.001,0.811,88.0,30.0,62.0,19.0,1.01,Buena,Buena,Mala,Aceptable,Mala,PM10,8,12,3,0.5,12,3,0.5
MIR,2024-03-28 03:00:00,3,Sí,0.001,0.561,61.0,32.0,53.0,21.0,0.98,Buena,Buena,Aceptable,Aceptable,Aceptable,PM10,8,12,3,0.5,12,3,0.5
MIR,2024-03-28 04:00:00,4,Sí,0.0,0.795,82.0,35.0,56.0,23.0,0.85,Buena,Buena,Aceptable,Aceptable,Aceptable,PM10,8,12,3,0.5,12,3,0.5
MIR,2024-03-28 05:00:00,5,Sí,0.0,0.606,164.0,69.0,86.0,35.0,0.81,Buena,Buena,Mala,Mala,Mala,PM10,8,12,3,0.5,12,3,0.5
MIR,2024-03-28 06:00:00,6,Sí,0.0,0.953,103.0,41.0,80.0,32.0,0.76,Buena,Buena,Mala,Aceptable,Mala,PM10,8,12,3,0.5,12,3,0.5
MIR,2024-03-28 07:00:00,7,Sí,0.002,0.905,73.0,29.0,66.0,26.0,0.77,Buena,Buena,Mala,Aceptable,Mala,PM10,8,12,3,0.5,12,3,0.5
MIR,2024-03-28 08:00:00,8,Sí,0.021,0.339,90.0,26.0,65.0,22.0,0.74,Buena,Buena,Mala,Aceptable,Mala,PM10,8,12,3,0.5,12,3,0.5
MIR,2024-03-28 09:00:00,9,Sí,0.033,0.246,77.0,22.0,60.0,19.0,0.65,Buena,Buena,Aceptable,Aceptable,Aceptable,PM10,8,12,3,0.5,12,3,0.5
MIR,2024-03-28 10:00:00,10,Sí,0.048,0.516,72.0,19.0,56.0,16.0,0.62,Buena,Buena,Aceptable,Aceptable,Aceptable,PM10,8,12,3,0.5,12,3,0.5
MIR,2024-03-28 11:00:00,11,Sí,0.062,0.524,76.0,26.0,55.0,17.0,0.61,Aceptable,Buena,Aceptable,Aceptable,Aceptable,PM10,8,12,3,0.5,12,3,0.5
MIR,2024-03-28 12:00:00,12,Sí,0.074,0.484,73.0,23.0,54.0,17.0,0.57,Aceptable,Buena,Aceptable,Aceptable,Aceptable,PM10,8,12,3,0.5,12,3,0.5
MIR,2024-03-28 13:00:00,13,Sí,0.08,0.424,73.0,23.0,53.0,16.0,0.55,Aceptable,Buena,Aceptable,Aceptable,Aceptable,O3,8,12,3,0.5,12,3,0.5
MIR,2024-03-28 14:00:00,14,Sí,0.088,0.437,55.0,23.0,46.0,16.0,0.48,Aceptable,Buena,Aceptable,Aceptable,Aceptable,O3,8,12,3,0.5,12,3,0.5
MIR,2024-03-28 15:00:00,15,Sí,0.087,0.457,62.0,26.0,45.0,17.0,0.43,Aceptable,Buena,Buena,Aceptable,Aceptable,O3,8,12,3,0.5,12,3,0.5
MIR,2024-03-28 16:00:00,16,Sí,0.086,0.473,55.0,26.0,42.0,17.0,0.45,Aceptable,Buena,Buena,Aceptable,Aceptable,O3,8,12,3,0.5,12,3,0.5
MIR,2024-03-28 17:00:00,17,Sí,0.086,0.448,55.0,18.0,41.0,15.0,0.47,Aceptable,Buena,Buena,Buena,Aceptable,O3,8,12,3,0.53,12,3,0.5
MIR,2024-03-28 18:00:00,18,Sí,0.072,0.478,50.0,,39.0,15.0,0.47,Aceptable,Buena,Buena,Buena,Aceptable,O3,8,12,3,0.56,11,2,0.62
MIR,2024-03-28 19:00:00,19,Sí,0.047,0.692,46.0,,36.0,,0.49,Buena,Buena,Buena,Sin datos,Buena,O3,8,12,3,0.51,10,1,
MIR,2024-03-28 20:00:00,20,Sí,0.052,0.452,67.0,,41.0,,0.48,Buena,Buena,Buena,Sin datos,Buena,PM10,8,12,3,0.6,9,0,
MIR,2024-03-28 21:00:00,21,Sí,0.05,0.437,77.0,,46.0,,0.48,Buena,Buena,Aceptable,Sin datos,Aceptable,PM10,8,12,3,0.6,8,0,
MIR,2024-03-28 22:00:00,22,Sí,0.051,0.452,95.0,,58.0,,0.49,Buena,Buena,Aceptable,Sin datos,Aceptable,PM10,8,12,3,0.5,7,0,
MIR,2024-03-28 23:00:00,23,Sí,0.053,0.435,66.0,,53.0,,0.48,Buena,Buena,Aceptable,Sin datos,Aceptable,PM10,8,12,3,0.5,6,0,
MIR,2024-03-29 00:00:00,0,Sí,0.053,0.343,46.0,,43.0,,0.47,Buena,Buena,Buena,Sin datos,Buena,PM10,8,12,3,0.5,5,0,
MIR,2024-03-29 01:00:00,1,Sí,0.052,0.364,36.0,,34.0,,0.46,Buena,Buena,Buena,Sin datos,Buena,O3,8,12,3,0.5,4,0,
MIR,2024-03-29 02:00:00,2,Sí,0.042,0.382,34.0,,29.0,,0.44,Buena,Buena,Buena,Sin datos,Buena,O3,8,12,3,0.5,3,0,
MIR,2024-03-29 03:00:00,3,Sí,0.027,0.522,30.0,,25.0,,0.42,Buena,Buena,Buena,Sin datos,Buena,PM10,8,12,3,0.5,2,0,
MIR,2024-03-29 04:00:00,4,Sí,0.015,0.492,49.0,,30.0,,0.43,Buena,Buena,Buena,Sin datos,Buena,PM10,8,12,3,0.5,1,0,
MIR,2024-03-29 05:00:00,5,Sí,0.011,0.491,66.0,,39.0,,0.44,Buena,Buena,Buena,Sin datos,Buena,PM10,8,12,3,0.5,0,0,
MIR,2024-03-29 06:00:00,6,Sí,0.003,1.068,69.0,,44.0,,0.51,Buena,Buena,Buena,Sin datos,Buena,PM10,8,12,3,0.5,0,0,
MIR,2024-03-29 07:00:00,7,Sí,0.002,1.502,153.0,,76.0,,0.65,Buena,Buena,Mala,Sin datos,Mala,PM10,8,12,3,0.5,0,0,
MIR,2024-03-29 08:00:00,8,Sí,0.018,0.452,167.0,,98.0,,0.66,Buena,Buena,Mala,Sin datos,Mala,PM10,8,12,3,0.5,0,0,
MIR,2024-03-29 09:00:00,9,Sí,0.04,0.252,131.0,,96.0,,0.65,Buena,Buena,Mala,Sin datos,Mala,PM10,8,12,3,0.5,0,0,
MIR,2024-03-29 10:00:00,10,Sí,0.052,0.412,72.0,,74.0,,0.65,Buena,Buena,Mala,Sin datos,Mala,PM10,8,12,3,0.5,0,0,
MIR,2024-03-29 11:00:00,11,Sí,0.067,0.29,62.0,,59.0,,0.62,Aceptable,Buena,Aceptable,Sin datos,Aceptable,PM10,8,12,3,0.5,0,0,
MIR,2024-03-29 12:00:00,12,Sí,0.076,0.414,46.0,,46.0,,0.61,Aceptable,Buena,Aceptable,Sin datos,Aceptable,O3,8,12,3,0.5,0,0,
MIR,2024-03-29 13:00:00,13,Sí,0.076,0.386,51.0,,41.0,,0.6,Aceptable,Buena,Buena,Sin datos,Aceptable,O3,8,12,3,0.5,0,0,
MIR,2024-03-29 14:00:00,14,Sí,0.067,0.369,47.0,,37.0,,0.51,Aceptable,Buena,Buena,Sin datos,Aceptable,O3,8,12,3,0.5,0,0,
MIR,2024-03-29 15:00:00,15,Sí,0.056,0.33,30.0,,29.0,,0.36,Buena,Buena,Buena,Sin datos,Buena,O3,8,12,3,0.5,0,0,
MIR,2024-03-29 16:00:00,16,Sí,0.051,0.316,34.0,,27.0,,0.35,Buena,Buena,Buena,Sin datos,Buena,O3,8,12,3,0.5,0,0,
MIR,2024-03-29 17:00:00,17,Sí,0.047,0.246,33.0,,25.0,,0.35,Buena,Buena,Buena,Sin datos,Buena,O3,8,12,3,0.5,0,0,
MIR,2024-03-29 18:00:00,18,Sí,0.047,0.419,38.0,,26.0,,0.35,Buena,Buena,Buena,Sin datos,Buena,O3,8,12,3,0.5,0,0,
MIR,2024-03-29 19:00:00,19,Sí,0.043,0.534,28.0,,23.0,,0.38,Buena,Buena,Buena,Sin datos,Buena,O3,8,12,3,0.5,0,0,
MIR,2024-03-29 20:00:00,20,Sí,0.042,0.466,35.0,,24.0,,0.38,Buena,Buena,Buena,Sin datos,Buena,O3,8,12,3,0.5,0,0,
MIR,2024-03-29 21:00:00,21,Sí,0.04,0.499,50.0,,30.0,,0.4,Buena,Buena,Buena,Sin datos,Buena,O3,8,12,3,0.5,0,0,
MIR,2024-03-29 22:00:00,22,Sí,0.033,0.505,42.0,,30.0,,0.41,Buena,Buena,Buena,Sin datos,Buena,PM10,8,12,3,0.5,0,0,
MIR,2024-03-29 23:00:00,23,Sí,0.021,0.628,40.0,,29.0,,0.45,Buena,Buena,Buena,Sin datos,Buena,PM10,8,12,3,0.55,0,0,
MIR,2024-03-30 00:00:00,0,Sí,0.021,0.518,51.0,,32.0,,0.48,Buena,Buena,Buena,Sin datos,Buena,PM10,8,12,3,0.55,0,0,
MIR,2024-03-30 01:00:00,1,Sí,0.024,0.471,59.0,,37.0,,0.51,Buena,Buena,Buena,Sin datos,Buena,PM10,8,12,3,0.5,0,0,
MIR,2024-03-30 02:00:00,2,Sí,0.023,0.521,61.0,,41.0,,0.52,Buena,Buena,Buena,Sin datos,Buena,PM10,8,12,3,0.5,0,0,
MIR,2024-03-30 03:00:00,3,Sí,0.008,0.629,54.0,,39.0,,0.53,Buena,Buena,Buena,Sin datos,Buena,PM10,8,12,3,0.5,0,0,
MIR,2024-03-30 04:00:00,4,Sí,0.007,0.551,69.0,,44.0,,0.54,Buena,Buena,Buena,Sin datos,Buena,PM10,8,12,3,0.5,0,0,
MIR,2024-03-30 05:00:00,5,Sí,0.002,0.607,61.0,,44.0,,0.55,Buena,Buena,Buena,Sin datos,Buena,PM10,8,12,3,0.5,0,0,
MIR,2024-03-30 06:00:00,6,Sí,0.0,1.136,60.0,,44.0,,0.63,Buena,Buena,Buena,Sin datos,Buena,PM10,8,12,3,0.5,0,0,
MIR,2024-03-30 07:00:00,7,Sí,0.001,1.604,82.0,,51.0,,0.75,Buena,Buena,Aceptable,Sin datos,Aceptable,PM10,8,12,3,0.5,0,0,
MIR,2024-03-30 08:00:00,8,Sí,0.011,0.649,168.0,,86.0,,0.77,Buena,Buena,Mala,Sin datos,Mala,PM10,8,12,3,0.5,0,0,
MIR,2024-03-30 09:00:00,9,Sí,0.039,0.278,123.0,,86.0,,0.75,Buena,Buena,Mala,Sin datos,Mala,PM10,8,12,3,0.5,0,0,
MIR,2024-03-30 10:00:00,10,Sí,0.057,0.496,93.0,,76.0,,0.74,Buena,Buena,Mala,Sin datos,Mala,PM10,8,12,3,0.5,0,0,
MIR,2024-03-30 11:00:00,11,Sí,0.068,0.422,64.0,,61.0,,0.72,Aceptable,Buena,Mala,Sin datos,Mala,PM10,8,12,3,0.5,0,0,
MIR,2024-03-30 12:00:00,12,Sí,0.078,0.472,53.0,,49.0,,0.71,Aceptable,Buena,Aceptable,Sin datos,Aceptable,O3,8,12,3,0.5,0,0,
MIR,2024-03-30 13:00:00,13,Sí,0.062,0.372,55.0,,44.0,,0.68,Aceptable,Buena,Buena,Sin datos,Aceptable,O3,8,12,3,0.5,0,0,
MIR,2024-03-30 14:00:00,14,Sí,0.049,0.376,35.0,,35.0,,0.58,Buena,Buena,Buena,Sin datos,Buena,O3,8,12,3,0.5,0,0,
MIR,2024-03-30 15:00:00,15,Sí,0.045,0.383,30.0,,28.0,,0.43,Buena,Buena,Buena,Sin datos,Buena,O3,8,12,3,0.5,0,0,
MIR,2024-03-30 16:00:00,16,Sí,0.037,0.357,14.0,,19.0,,0.39,Buena,Buena,Buena,Sin datos,Buena,O3,8,12,3,0.5,0,0,
MIR,2024-03-30 17:00:00,17,Sí,0.036,0.307,15.0,,15.0,,0.4,Buena,Buena,Buena,Sin datos,Buena,O3,8,12,3,0.5,0,0,
MIR,2024-03-30 18:00:00,18,Sí,0.036,0.435,17.0,,14.0,,0.39,Buena,Buena,Buena,Sin datos,Buena,O3,8,12,3,0.5,0,0,
MIR,2024-03-30 19:00:00,19,Sí,0.025,0.683,20.0,,14.0,,0.42,Buena,Buena,Buena,Sin datos,Buena,O3,8,12,3,0.5,0,0,
MIR,2024-03-30 20:00:00,20,Sí,0.029,0.523,35.0,,19.0,,0.43,Buena,Buena,Buena,Sin datos,Buena,O3,8,12,3,0.5,0,0,
MIR,2024-03-30 21:00:00,21,Sí,0.031,0.59,41.0,,24.0,,0.46,Buena,Buena,Buena,Sin datos,Buena,O3,8,12,3,0.5,0,0,
MIR,2024-03-30 22:00:00,22,Sí,0.023,0.605,45.0,,29.0,,0.49,Buena,Buena,Buena,Sin datos,Buena,PM10,8,12,3,0.5,0,0,
MIR,2024-03-30 23:00:00,23,Sí,0.002,0.992,45.0,,30.0,,0.56,Buena,Buena,Buena,Sin datos,Buena,PM10,8,12,3,0.5,0,0,
MIR,2024-03-31 00:00:00,0,Sí,0.0,0.957,71.0,,41.0,,0.64,Buena,Buena,Buena,Sin datos,Buena,PM10,8,12,3,0.5,0,0,
MIR,2024-03-31 01:00:00,1,Sí,0.006,0.599,93.0,,54.0,,0.67,Buena,Buena,Aceptable,Sin datos,Aceptable,PM10,8,12,3,0.5,0,0,
MIR,2024-03-31 02:00:00,2,Sí,0.009,0.561,38.0,,40.0,,0.69,Buena,Buena,Buena,Sin datos,Buena,PM10,8,12,3,0.5,0,0,
MIR,2024-03-31 03:00:00,3,Sí,0.001,0.816,36.0,,33.0,,0.71,Buena,Buena,Buena,Sin datos,Buena,PM10,8,12,3,0.5,0,0,
MIR,2024-03-31 04:00:00,4,Sí,0.0,0.615,110.0,,56.0,,0.72,Buena,Buena,Aceptable,Sin datos,Aceptable,PM10,8,12,3,0.5,0,0,
MIR,2024-03-31 05:00:00,5,Sí,0.001,0.445,87.0,,59.0,,0.7,Buena,Buena,Aceptable,Sin datos,Aceptable,PM10,8,12,3,0.5,0,0,
MIR,2024-03-31 06:00:00,6,Sí,0.0,0.651,87.0,,61.0,,0.7,Buena,Buena,Mala,Sin datos,Mala,PM10,8,12,3,0.5,0,0,
MIR,2024-03-31 07:00:00,7,Sí,0.003,1.302,90.0,,62.0,,0.74,Buena,Buena,Mala,Sin datos,Mala,PM10,8,12,3,0.5,0,0,
MIR,2024-03-31 08:00:00,8,Sí,0.017,0.673,150.0,,85.0,,0.71,Buena,Buena,Mala,Sin datos,Mala,PM10,8,12,3,0.5,0,0,
MIR,2024-03-31 09:00:00,9,Sí,0.043,0.314,120.0,,85.0,,0.67,Buena,Buena,Mala,Sin datos,Mala,PM10,8,12,3,0.5,0,0,
MIR,2024-03-31 10:00:00,10,Sí,0.058,0.314,97.0,,77.0,,0.64,Buena,Buena,Mala,Sin datos,Mala,PM10,8,12,3,0.5,0,0,
MIR,2024-03-31 11:00:00,11,Sí,0.058,0.254,60.0,,60.0,,0.57,Buena,Buena,Aceptable,Sin datos,Aceptable,PM10,8,12,3,0.5,0,0,
MIR,2024-03-31 12:00:00,12,Sí,0.046,0.346,32.0,,41.0,,0.54,Buena,Buena,Buena,Sin datos,Buena,PM10,8,12,3,0.5,0,0,
MIR,2024-03-31 13:00:00,13,Sí,0.042,0.277,26.0,,30.0,,0.52,Buena,Buena,Buena,Sin datos,Buena,O3,8,12,3,0.5,0,0,
MIR,2024-03-31 14:00:00,14,Sí,0.043,0.375,14.0,,20.0,,0.48,Buena,Buena,Buena,Sin datos,Buena,O3,8,12,3,0.5,0,0,
MIR,2024-03-31 15:00:00,15,Sí,0.043,0.342,25.0,,19.0,,0.36,Buena,Buena,Buena,Sin datos,Buena,O3,8,12,3,0.5,0,0,
MIR,2024-03-31 16:00:00,16,Sí,0.04,0.351,24.0,,18.0,,0.32,Buena,Buena,Buena,Sin datos,Buena,O3,8,12,3,0.5,0,0,
MIR,2024-03-31 17:00:00,17,Sí,0.038,0.409,13.0,,14.0,,0.33,Buena,Buena,Buena,Sin datos,Buena,O3,8,12,3,0.5,0,0,
MIR,2024-03-31 18:00:00,18,Sí,0.035,0.416,13.0,,11.0,,0.35,Buena,Buena,Buena,Sin datos,Buena,O3,8,12,3,0.5,0,0,
MIR,2024-03-31 19:00:00,19,Sí,0.034,0.513,19.0,,13.0,,0.38,Buena,Buena,Buena,Sin datos,Buena,O3,8,12,3,0.5,0,0,
MIR,2024-03-31 20:00:00,20,Sí,0.03,0.509,37.0,,19.0,,0.4,Buena,Buena,Buena,Sin datos,Buena,O3,8,12,3,0.5,0,0,
MIR,2024-03-31 21:00:00,21,Sí,0.025,0.58,41.0,,24.0,,0.44,Buena,Buena,Buena,Sin datos,Buena,PM10,8,12,3,0.5,0,0,
MIR,2024-03-31 22:00:00,22,Sí,0.027,0.45,41.0,,27.0,,0.45,Buena,Buena,Buena,Sin datos,Buena,PM10,8,12,3,0.5,0,0,
MIR,2024-03-31 23:00:00,23,Sí,0.028,0.447,41.0,,28.0,,0.46,Buena,Buena,Buena,Sin datos,Buena,PM10,8,12,3,0.5,0,0,
