fecha_hora,variable,valor,regla,clasificacion,accion,detalle
2024-03-07 17:00,PM2.5,0.0,Valor cero,Revisar,Conservado,Cero exacto poco probable en zona urbana; no altera la categoría (Buena).
2024-03-05 20:00,O3,0.001,Atípico por hora del día (|z| > 3.5),Valor bajo plausible,Conservado,"Valor bajo (z = -3.9); las horas vecinas también son bajas, consistente con dispersión o química del día."
2024-03-12 01:00,O3,0.028,Atípico por hora del día (|z| > 3.5),Evento real probable,Conservado,Valor alto (z = 3.7 vs. la misma hora del mes); el aumento se sostiene en horas vecinas.
2024-03-12 05:00,O3,0.024,Atípico por hora del día (|z| > 3.5),Revisar,Conservado,Valor alto aislado (z = 4.6) sin respaldo de horas vecinas ni de otros contaminantes.
2024-03-20 01:00,O3,0.031,Atípico por hora del día (|z| > 3.5),Revisar,Conservado,Valor alto aislado (z = 4.2) sin respaldo de horas vecinas ni de otros contaminantes.
2024-03-24 01:00,O3,0.058,Atípico por hora del día (|z| > 3.5),Evento real probable,Conservado,Valor alto (z = 8.8 vs. la misma hora del mes); el aumento se sostiene en horas vecinas.
2024-03-24 02:00,O3,0.058,Atípico por hora del día (|z| > 3.5),Evento real probable,Conservado,Valor alto (z = 10.1 vs. la misma hora del mes); el aumento se sostiene en horas vecinas.
2024-03-24 03:00,O3,0.051,Atípico por hora del día (|z| > 3.5),Evento real probable,Conservado,Valor alto (z = 9.8 vs. la misma hora del mes); el aumento se sostiene en horas vecinas.
2024-03-24 04:00,O3,0.047,Atípico por hora del día (|z| > 3.5),Evento real probable,Conservado,Valor alto (z = 8.8 vs. la misma hora del mes); el aumento se sostiene en horas vecinas.
2024-03-24 05:00,O3,0.023,Atípico por hora del día (|z| > 3.5),Evento real probable,Conservado,Valor alto (z = 4.4 vs. la misma hora del mes); el aumento se sostiene en horas vecinas.
2024-03-24 18:00,O3,0.069,Atípico por hora del día (|z| > 3.5),Evento real probable,Conservado,Valor alto (z = 3.6 vs. la misma hora del mes); el aumento se sostiene en horas vecinas.
2024-03-25 01:00,O3,0.035,Atípico por hora del día (|z| > 3.5),Evento real probable,Conservado,Valor alto (z = 4.9 vs. la misma hora del mes); el aumento se sostiene en horas vecinas.
2024-03-25 02:00,O3,0.044,Atípico por hora del día (|z| > 3.5),Evento real probable,Conservado,Valor alto (z = 7.4 vs. la misma hora del mes); el aumento se sostiene en horas vecinas.
2024-03-25 03:00,O3,0.031,Atípico por hora del día (|z| > 3.5),Evento real probable,Conservado,Valor alto (z = 5.8 vs. la misma hora del mes); el aumento se sostiene en horas vecinas.
2024-03-25 07:00,O3,0.029,Atípico por hora del día (|z| > 3.5),Evento real probable,Conservado,Valor alto (z = 5.6 vs. la misma hora del mes); el aumento se sostiene en horas vecinas.
2024-03-25 08:00,O3,0.048,Atípico por hora del día (|z| > 3.5),Evento real probable,Conservado,Valor alto (z = 8.6 vs. la misma hora del mes); el aumento se sostiene en horas vecinas.
2024-03-25 09:00,O3,0.051,Atípico por hora del día (|z| > 3.5),Evento real probable,Conservado,Valor alto (z = 4.1 vs. la misma hora del mes); el aumento se sostiene en horas vecinas.
2024-03-27 15:00,O3,0.09,Atípico por hora del día (|z| > 3.5),Evento real probable,Conservado,Valor alto (z = 5.8 vs. la misma hora del mes); el aumento se sostiene en horas vecinas.
2024-03-27 16:00,O3,0.088,Atípico por hora del día (|z| > 3.5),Evento real probable,Conservado,Valor alto (z = 4.4 vs. la misma hora del mes); el aumento se sostiene en horas vecinas.
2024-03-27 20:00,O3,0.001,Atípico por hora del día (|z| > 3.5),Valor bajo plausible,Conservado,"Valor bajo (z = -3.9); las horas vecinas también son bajas, consistente con dispersión o química del día."
2024-03-28 15:00,O3,0.087,Atípico por hora del día (|z| > 3.5),Evento real probable,Conservado,Valor alto (z = 5.4 vs. la misma hora del mes); el aumento se sostiene en horas vecinas.
2024-03-28 16:00,O3,0.086,Atípico por hora del día (|z| > 3.5),Evento real probable,Conservado,Valor alto (z = 4.2 vs. la misma hora del mes); el aumento se sostiene en horas vecinas.
2024-03-28 17:00,O3,0.086,Atípico por hora del día (|z| > 3.5),Evento real probable,Conservado,Valor alto (z = 4.3 vs. la misma hora del mes); el aumento se sostiene en horas vecinas.
2024-03-28 18:00,O3,0.072,Atípico por hora del día (|z| > 3.5),Evento real probable,Conservado,Valor alto (z = 3.9 vs. la misma hora del mes); el aumento se sostiene en horas vecinas.
2024-03-29 01:00,O3,0.052,Atípico por hora del día (|z| > 3.5),Evento real probable,Conservado,Valor alto (z = 7.8 vs. la misma hora del mes); el aumento se sostiene en horas vecinas.
2024-03-29 02:00,O3,0.042,Atípico por hora del día (|z| > 3.5),Evento real probable,Conservado,Valor alto (z = 7.0 vs. la misma hora del mes); el aumento se sostiene en horas vecinas.
2024-03-29 03:00,O3,0.027,Atípico por hora del día (|z| > 3.5),Evento real probable,Conservado,Valor alto (z = 5.0 vs. la misma hora del mes); el aumento se sostiene en horas vecinas.
2024-03-05 20:00,CO,1.199,Atípico por hora del día (|z| > 3.5),Revisar,Conservado,Valor alto aislado (z = 7.2) sin respaldo de horas vecinas ni de otros contaminantes.
2024-03-06 09:00,CO,1.215,Atípico por hora del día (|z| > 3.5),Evento real probable,Conservado,Valor alto (z = 6.9 vs. la misma hora del mes); el aumento se sostiene en horas vecinas y PM2.5 también elevado(s) a la misma hora.
2024-03-08 08:00,CO,1.711,Atípico por hora del día (|z| > 3.5),Evento real probable,Conservado,Valor alto (z = 3.7 vs. la misma hora del mes); el aumento se sostiene en horas vecinas.
2024-03-08 09:00,CO,0.786,Atípico por hora del día (|z| > 3.5),Evento real probable,Conservado,Valor alto (z = 3.6 vs. la misma hora del mes); el aumento se sostiene en horas vecinas y PM2.5 también elevado(s) a la misma hora.
2024-03-08 22:00,CO,0.922,Atípico por hora del día (|z| > 3.5),Evento real probable,Conservado,Valor alto (z = 3.8 vs. la misma hora del mes); el aumento se sostiene en horas vecinas.
2024-03-22 20:00,CO,0.848,Atípico por hora del día (|z| > 3.5),Evento real probable,Conservado,Valor alto (z = 3.7 vs. la misma hora del mes); el aumento se sostiene en horas vecinas.
2024-03-22 21:00,CO,1.395,Atípico por hora del día (|z| > 3.5),Evento real probable,Conservado,Valor alto (z = 5.6 vs. la misma hora del mes); el aumento se sostiene en horas vecinas.
2024-03-22 22:00,CO,1.576,Atípico por hora del día (|z| > 3.5),Evento real probable,Conservado,Valor alto (z = 9.1 vs. la misma hora del mes); el aumento se sostiene en horas vecinas.
2024-03-23 03:00,CO,1.356,Atípico por hora del día (|z| > 3.5),Revisar,Conservado,Valor alto aislado (z = 7.5) sin respaldo de horas vecinas ni de otros contaminantes.
2024-03-24 16:00,CO,0.715,Atípico por hora del día (|z| > 3.5),Evento real probable,Conservado,Valor alto (z = 3.6 vs. la misma hora del mes); el aumento se sostiene en horas vecinas.
2024-03-24 17:00,CO,1.253,Atípico por hora del día (|z| > 3.5),Evento real probable,Conservado,Valor alto (z = 9.0 vs. la misma hora del mes); el aumento se sostiene en horas vecinas.
2024-03-24 18:00,CO,0.027,Atípico por hora del día (|z| > 3.5),Valor bajo plausible,Conservado,"Valor bajo (z = -3.9); las horas vecinas también son bajas, consistente con dispersión o química del día."
2024-03-27 20:00,CO,1.772,Atípico por hora del día (|z| > 3.5),Evento real probable,Conservado,Valor alto (z = 12.9 vs. la misma hora del mes); el aumento se sostiene en horas vecinas y PM2.5 también elevado(s) a la misma hora.
2024-03-27 22:00,CO,1.287,Atípico por hora del día (|z| > 3.5),Evento real probable,Conservado,Valor alto (z = 6.8 vs. la misma hora del mes); el aumento se sostiene en horas vecinas.
2024-03-05 05:00,PM10,212.0,Atípico por hora del día (|z| > 3.5),Evento real probable,Conservado,Valor alto (z = 4.5 vs. la misma hora del mes); el aumento se sostiene en horas vecinas.
2024-03-06 11:00,PM10,247.0,Atípico por hora del día (|z| > 3.5),Evento real probable,Conservado,Valor alto (z = 6.1 vs. la misma hora del mes); el aumento se sostiene en horas vecinas y PM2.5 también elevado(s) a la misma hora.
2024-03-09 01:00,PM10,161.0,Atípico por hora del día (|z| > 3.5),Evento real probable,Conservado,Valor alto (z = 5.4 vs. la misma hora del mes); PM2.5 también elevado(s) a la misma hora.
2024-03-14 18:00,PM10,69.0,Atípico por hora del día (|z| > 3.5),Evento real probable,Conservado,Valor alto (z = 4.0 vs. la misma hora del mes); el aumento se sostiene en horas vecinas.
2024-03-21 19:00,PM10,76.0,Atípico por hora del día (|z| > 3.5),Evento real probable,Conservado,Valor alto (z = 3.8 vs. la misma hora del mes); el aumento se sostiene en horas vecinas.
2024-03-22 23:00,PM10,98.0,Atípico por hora del día (|z| > 3.5),Evento real probable,Conservado,"Valor alto (z = 4.1 vs. la misma hora del mes); PM2.5, CO también elevado(s) a la misma hora."
2024-03-23 04:00,PM10,174.0,Atípico por hora del día (|z| > 3.5),Evento real probable,Conservado,Valor alto (z = 5.3 vs. la misma hora del mes); el aumento se sostiene en horas vecinas y PM2.5 también elevado(s) a la misma hora.
2024-03-24 19:00,PM10,146.0,Atípico por hora del día (|z| > 3.5),Revisar,Conservado,Valor alto aislado (z = 9.7) sin respaldo de horas vecinas ni de otros contaminantes.
2024-03-26 01:00,PM10,134.0,Atípico por hora del día (|z| > 3.5),Evento real probable,Conservado,Valor alto (z = 4.2 vs. la misma hora del mes); PM2.5 también elevado(s) a la misma hora.
2024-03-26 15:00,PM10,109.0,Atípico por hora del día (|z| > 3.5),Revisar,Conservado,Valor alto aislado (z = 4.9) sin respaldo de horas vecinas ni de otros contaminantes.
2024-03-27 23:00,PM10,89.0,Atípico por hora del día (|z| > 3.5),Evento real probable,Conservado,Valor alto (z = 3.5 vs. la misma hora del mes); el aumento se sostiene en horas vecinas y PM2.5 también elevado(s) a la misma hora.
2024-03-28 00:00,PM10,141.0,Atípico por hora del día (|z| > 3.5),Evento real probable,Conservado,Valor alto (z = 5.4 vs. la misma hora del mes); el aumento se sostiene en horas vecinas y PM2.5 también elevado(s) a la misma hora.
2024-03-28 21:00,PM10,77.0,Atípico por hora del día (|z| > 3.5),Evento real probable,Conservado,Valor alto (z = 3.7 vs. la misma hora del mes); el aumento se sostiene en horas vecinas.
2024-03-28 22:00,PM10,95.0,Atípico por hora del día (|z| > 3.5),Evento real probable,Conservado,Valor alto (z = 4.6 vs. la misma hora del mes); el aumento se sostiene en horas vecinas.
2024-03-06 08:00,PM2.5,175.0,Atípico por hora del día (|z| > 3.5),Evento real probable,Conservado,Valor alto (z = 3.8 vs. la misma hora del mes); el aumento se sostiene en horas vecinas y CO también elevado(s) a la misma hora.
2024-03-06 11:00,PM2.5,171.0,Atípico por hora del día (|z| > 3.5),Evento real probable,Conservado,Valor alto (z = 13.9 vs. la misma hora del mes); PM10 también elevado(s) a la misma hora.
2024-03-09 01:00,PM2.5,52.0,Atípico por hora del día (|z| > 3.5),Evento real probable,Conservado,Valor alto (z = 5.0 vs. la misma hora del mes); PM10 también elevado(s) a la misma hora.
2024-03-22 23:00,PM2.5,33.0,Atípico por hora del día (|z| > 3.5),Evento real probable,Conservado,"Valor alto (z = 4.2 vs. la misma hora del mes); el aumento se sostiene en horas vecinas y PM10, CO también elevado(s) a la misma hora."
2024-03-23 04:00,PM2.5,84.0,Atípico por hora del día (|z| > 3.5),Evento real probable,Conservado,Valor alto (z = 4.6 vs. la misma hora del mes); PM10 también elevado(s) a la misma hora.
2024-03-26 01:00,PM2.5,44.0,Atípico por hora del día (|z| > 3.5),Evento real probable,Conservado,Valor alto (z = 3.9 vs. la misma hora del mes); PM10 también elevado(s) a la misma hora.
2024-03-28 00:00,PM2.5,38.0,Atípico por hora del día (|z| > 3.5),Evento real probable,Conservado,Valor alto (z = 5.4 vs. la misma hora del mes); el aumento se sostiene en horas vecinas y PM10 también elevado(s) a la misma hora.
2024-03-28 15:00,PM2.5,26.0,Atípico por hora del día (|z| > 3.5),Evento real probable,Conservado,Valor alto (z = 4.0 vs. la misma hora del mes); el aumento se sostiene en horas vecinas.
2024-03-28 16:00,PM2.5,26.0,Atípico por hora del día (|z| > 3.5),Evento real probable,Conservado,Valor alto (z = 4.1 vs. la misma hora del mes); el aumento se sostiene en horas vecinas y PM10 también elevado(s) a la misma hora.
2024-03-03 23:00,WS,0.4,Valor constante,Revisar,Conservado,8 horas consecutivas con el mismo valor (0.4). Coincide con el mínimo que reporta el sensor (0.4 m/s): se interpreta como calma. Hasta 2024-03-04 06:00.
2024-03-01 00:00,WS,0.4,Resolución del sensor,Limitación,Conservado,Solo se registran 9 valores distintos entre 0.4 y 1.2 m/s (paso 0.1). El valor mínimo aparece 95 veces: posible umbral de arranque.
