STATION,DATE,HOUR,DIA,MES,O3,NO,NO2,NOX,SO2,CO,PM10,PM2.5,IT,ET,RH,WS,WD,PP,ATM,RS,UVI,CALENTAMIENTO
MIR,2024-02-29 00:00:00,0,29,2,0.0,,,,,0.846,19.0,8.0,22.0,23.0,,0.0,233.0,,633.0,,,True
MIR,2024-02-29 01:00:00,1,29,2,0.0,,,,,0.885,107.0,38.0,22.0,21.0,,0.0,229.0,,633.0,,,True
MIR,2024-02-29 02:00:00,2,29,2,0.001,,,,,0.734,165.0,43.0,22.0,20.0,,0.0,207.0,,632.0,,,True
MIR,2024-02-29 03:00:00,3,29,2,0.0,,,,,0.855,145.0,68.0,22.0,18.0,,0.1,212.0,,632.0,,,True
MIR,2024-02-29 04:00:00,4,29,2,0.0,,,,,0.544,94.0,53.0,22.0,18.0,,0.1,247.0,,632.0,,,True
MIR,2024-02-29 05:00:00,5,29,2,0.0,,,,,0.714,59.0,28.0,22.0,17.0,,0.0,209.0,,633.0,,,True
MIR,2024-02-29 06:00:00,6,29,2,0.001,,,,,1.864,180.0,49.0,22.0,17.0,,0.1,207.0,,633.0,,,True
MIR,2024-02-29 07:00:00,7,29,2,0.001,,,,,,232.0,89.0,22.0,16.0,,0.0,205.0,,634.0,,,True
MIR,2024-02-29 08:00:00,8,29,2,0.002,,,,,1.023,259.0,108.0,22.0,20.0,,0.1,236.0,,634.0,,,True
MIR,2024-02-29 09:00:00,9,29,2,0.01,,,,,0.668,250.0,79.0,22.0,23.0,,0.1,228.0,,635.0,,,True
MIR,2024-02-29 10:00:00,10,29,2,0.033,,,,,0.287,362.0,115.0,22.0,27.0,,0.1,223.0,,635.0,,,True
MIR,2024-02-29 11:00:00,11,29,2,0.047,,,,,,149.0,52.0,22.0,30.0,,0.0,215.0,,634.0,,,True
MIR,2024-02-29 12:00:00,12,29,2,0.069,,,,,0.566,86.0,22.0,22.0,33.0,,0.1,215.0,,634.0,,,True
MIR,2024-02-29 13:00:00,13,29,2,0.062,,,,,0.281,60.0,14.0,23.0,34.0,,0.1,213.0,,633.0,,,True
MIR,2024-02-29 14:00:00,14,29,2,0.055,,,,,0.264,50.0,10.0,23.0,34.0,,0.1,215.0,,633.0,,,True
MIR,2024-02-29 15:00:00,15,29,2,0.055,,,,,0.268,37.0,7.0,23.0,33.0,,0.7,196.0,,632.0,,,True
MIR,2024-02-29 16:00:00,16,29,2,0.054,,,,,0.362,36.0,6.0,23.0,33.0,,0.6,212.0,,632.0,,,True
MIR,2024-02-29 17:00:00,17,29,2,0.047,,,,,0.38,30.0,7.0,23.0,31.0,,0.7,213.0,,632.0,,,True
MIR,2024-02-29 18:00:00,18,29,2,0.04,,,,,0.409,32.0,5.0,23.0,29.0,,0.5,248.0,,633.0,,,True
MIR,2024-02-29 19:00:00,19,29,2,0.035,,,,,0.496,29.0,6.0,23.0,27.0,,0.5,217.0,,633.0,,,True
MIR,2024-02-29 20:00:00,20,29,2,0.027,,,,,0.612,21.0,6.0,23.0,25.0,,0.4,55.0,,634.0,,,True
MIR,2024-02-29 21:00:00,21,29,2,0.013,,,,,0.913,23.0,10.0,23.0,23.0,,0.7,41.0,,634.0,,,True
MIR,2024-02-29 22:00:00,22,29,2,0.022,,,,,0.294,41.0,13.0,23.0,23.0,,0.4,50.0,,634.0,,,True
MIR,2024-02-29 23:00:00,23,29,2,0.002,,,,,0.504,39.0,12.0,24.0,21.0,,0.5,51.0,,635.0,,,True
MIR,2024-03-01 00:00:00,0,1,3,0.003,,,,,0.651,72.0,21.0,23.0,19.0,,0.4,50.0,,635.0,,,False
MIR,2024-03-01 01:00:00,1,1,3,0.002,,,,,0.521,53.0,16.0,23.0,18.0,,0.4,59.0,,634.0,,,False
MIR,2024-03-01 02:00:00,2,1,3,,,,,,0.559,62.0,21.0,23.0,17.0,,0.4,44.0,,634.0,,,False
MIR,2024-03-01 03:00:00,3,1,3,0.0,,,,,0.362,68.0,34.0,23.0,16.0,,0.5,78.0,,634.0,,,False
MIR,2024-03-01 04:00:00,4,1,3,0.001,,,,,0.453,63.0,22.0,23.0,16.0,,0.4,264.0,,634.0,,,False
MIR,2024-03-01 05:00:00,5,1,3,0.0,,,,,1.01,83.0,27.0,23.0,15.0,,0.5,37.0,,634.0,,,False
MIR,2024-03-01 06:00:00,6,1,3,0.0,,,,,1.124,106.0,32.0,23.0,15.0,,0.5,27.0,,634.0,,,False
MIR,2024-03-01 07:00:00,7,1,3,0.001,,,,,2.259,143.0,56.0,23.0,14.0,,0.4,11.0,,634.0,,,False
MIR,2024-03-01 08:00:00,8,1,3,0.003,,,,,1.358,226.0,99.0,23.0,18.0,,0.5,285.0,,635.0,,,False
MIR,2024-03-01 09:00:00,9,1,3,0.015,,,,,0.471,198.0,78.0,23.0,23.0,,0.5,237.0,,635.0,,,False
MIR,2024-03-01 10:00:00,10,1,3,0.026,,,,,0.383,173.0,73.0,23.0,26.0,,0.6,216.0,,635.0,,,False
MIR,2024-03-01 11:00:00,11,1,3,0.037,,,,,0.049,103.0,34.0,23.0,29.0,,0.5,218.0,,634.0,,,False
MIR,2024-03-01 12:00:00,12,1,3,0.051,,,,,0.313,64.0,12.0,23.0,31.0,,0.7,213.0,,634.0,,,False
MIR,2024-03-01 13:00:00,13,1,3,0.05,,,,,0.235,42.0,9.0,23.0,33.0,,0.6,213.0,,633.0,,,False
MIR,2024-03-01 14:00:00,14,1,3,0.054,,,,,0.272,40.0,8.0,23.0,31.0,,0.8,214.0,,633.0,,,False
MIR,2024-03-01 15:00:00,15,1,3,0.047,,,,,0.237,40.0,6.0,23.0,30.0,,0.7,213.0,,632.0,,,False
MIR,2024-03-01 16:00:00,16,1,3,0.047,,,,,0.361,24.0,3.0,23.0,29.0,,0.6,214.0,,632.0,,,False
MIR,2024-03-01 17:00:00,17,1,3,0.047,,,,,0.394,33.0,6.0,23.0,28.0,,0.7,214.0,,632.0,,,False
MIR,2024-03-01 18:00:00,18,1,3,0.033,,,,,0.445,32.0,8.0,23.0,26.0,,0.7,218.0,,633.0,,,False
MIR,2024-03-01 19:00:00,19,1,3,0.026,,,,,0.509,36.0,7.0,23.0,24.0,,0.8,223.0,,633.0,,,False
MIR,2024-03-01 20:00:00,20,1,3,0.021,,,,,0.611,19.0,6.0,23.0,22.0,,0.5,220.0,,634.0,,,False
MIR,2024-03-01 21:00:00,21,1,3,0.011,,,,,0.677,25.0,5.0,23.0,21.0,,0.6,207.0,,635.0,,,False
MIR,2024-03-01 22:00:00,22,1,3,0.019,,,,,0.425,42.0,11.0,23.0,20.0,,0.6,213.0,,635.0,,,False
MIR,2024-03-01 23:00:00,23,1,3,0.02,,,,,0.354,26.0,13.0,23.0,18.0,,0.4,222.0,,635.0,,,False
MIR,2024-03-02 00:00:00,0,2,3,0.006,,,,,0.641,25.0,14.0,23.0,17.0,,0.5,209.0,,634.0,,,False
MIR,2024-03-02 01:00:00,1,2,3,0.001,,,,,0.483,48.0,21.0,23.0,16.0,,0.5,209.0,,634.0,,,False
MIR,2024-03-02 02:00:00,2,2,3,0.0,,,,,0.527,48.0,18.0,23.0,15.0,,0.5,189.0,,634.0,,,False
MIR,2024-03-02 03:00:00,3,2,3,0.001,,,,,0.496,60.0,23.0,23.0,14.0,,0.5,234.0,,634.0,,,False
MIR,2024-03-02 04:00:00,4,2,3,0.003,,,,,0.543,45.0,18.0,23.0,14.0,,0.4,273.0,,634.0,,,False
MIR,2024-03-02 05:00:00,5,2,3,0.0,,,,,0.704,68.0,29.0,23.0,13.0,,0.5,12.0,,634.0,,,False
MIR,2024-03-02 06:00:00,6,2,3,0.0,,,,,1.353,71.0,25.0,23.0,13.0,,0.5,355.0,,634.0,,,False
MIR,2024-03-02 07:00:00,7,2,3,0.0,,,,,1.602,165.0,59.0,23.0,12.0,,0.4,83.0,,634.0,,,False
MIR,2024-03-02 08:00:00,8,2,3,0.003,,,,,0.702,164.0,61.0,23.0,16.0,,0.4,140.0,,635.0,,,False
MIR,2024-03-02 09:00:00,9,2,3,0.014,,,,,0.331,159.0,56.0,23.0,20.0,,0.6,222.0,,635.0,,,False
MIR,2024-03-02 10:00:00,10,2,3,0.028,,,,,0.502,111.0,50.0,23.0,23.0,,0.5,234.0,,635.0,,,False
MIR,2024-03-02 11:00:00,11,2,3,0.043,,,,,0.292,77.0,24.0,23.0,25.0,,0.5,223.0,,635.0,,,False
MIR,2024-03-02 12:00:00,12,2,3,0.06,,,,,0.321,86.0,22.0,23.0,27.0,,0.5,216.0,,634.0,,,False
MIR,2024-03-02 13:00:00,13,2,3,0.055,,,,,0.294,49.0,16.0,23.0,29.0,,0.7,212.0,,633.0,,,False
MIR,2024-03-02 14:00:00,14,2,3,0.053,,,,,0.333,46.0,5.0,23.0,30.0,,0.8,213.0,,632.0,,,False
MIR,2024-03-02 15:00:00,15,2,3,0.043,,,,,0.282,41.0,4.0,23.0,31.0,,1.1,213.0,,632.0,,,False
MIR,2024-03-02 16:00:00,16,2,3,0.044,,,,,0.323,26.0,4.0,23.0,30.0,,0.8,213.0,,632.0,,,False
MIR,2024-03-02 17:00:00,17,2,3,0.047,,,,,0.353,25.0,4.0,23.0,29.0,,0.6,216.0,,632.0,,,False
MIR,2024-03-02 18:00:00,18,2,3,0.041,,,,,0.365,24.0,7.0,23.0,27.0,,0.6,221.0,,632.0,,,False
MIR,2024-03-02 19:00:00,19,2,3,0.03,,,,,0.415,26.0,8.0,23.0,24.0,,0.7,217.0,,632.0,,,False
MIR,2024-03-02 20:00:00,20,2,3,0.029,,,,,0.459,25.0,6.0,23.0,23.0,,0.6,182.0,,633.0,,,False
MIR,2024-03-02 21:00:00,21,2,3,0.024,,,,,0.579,28.0,7.0,23.0,21.0,,0.5,217.0,,634.0,,,False
MIR,2024-03-02 22:00:00,22,2,3,0.024,,,,,0.519,36.0,15.0,23.0,19.0,,0.6,234.0,,634.0,,,False
MIR,2024-03-02 23:00:00,23,2,3,0.021,,,,,0.59,37.0,18.0,23.0,18.0,,0.5,237.0,,634.0,,,False
MIR,2024-03-03 00:00:00,0,3,3,0.006,,,,,0.725,37.0,14.0,23.0,16.0,,0.5,254.0,,634.0,,,False
MIR,2024-03-03 01:00:00,1,3,3,,,,,,1.015,64.0,24.0,23.0,16.0,,0.4,274.0,,634.0,,,False
MIR,2024-03-03 02:00:00,2,3,3,,,,,,0.582,97.0,29.0,23.0,14.0,,0.4,124.0,,634.0,,,False
MIR,2024-03-03 03:00:00,3,3,3,,,,,,0.577,94.0,44.0,23.0,14.0,,0.4,100.0,,633.0,,,False
MIR,2024-03-03 04:00:00,4,3,3,,,,,,0.721,80.0,37.0,23.0,13.0,,0.5,157.0,,633.0,,,False
MIR,2024-03-03 05:00:00,5,3,3,,,,,,0.926,66.0,29.0,23.0,13.0,,0.5,67.0,,633.0,,,False
MIR,2024-03-03 06:00:00,6,3,3,,,,,,1.313,106.0,62.0,23.0,12.0,,0.5,319.0,,633.0,,,False
MIR,2024-03-03 07:00:00,7,3,3,0.001,,,,,1.323,149.0,85.0,23.0,12.0,,0.4,44.0,,634.0,,,False
MIR,2024-03-03 08:00:00,8,3,3,0.009,,,,,0.962,129.0,67.0,23.0,16.0,,0.6,181.0,,634.0,,,False
MIR,2024-03-03 09:00:00,9,3,3,0.023,,,,,0.258,160.0,87.0,23.0,19.0,,0.5,221.0,,634.0,,,False
MIR,2024-03-03 10:00:00,10,3,3,0.039,,,,,0.296,109.0,47.0,23.0,22.0,,0.6,241.0,,634.0,,,False
MIR,2024-03-03 11:00:00,11,3,3,0.051,,,,,0.148,54.0,29.0,23.0,25.0,,0.8,219.0,,634.0,,,False
MIR,2024-03-03 12:00:00,12,3,3,0.049,,,,,0.247,31.0,11.0,23.0,27.0,,0.5,218.0,,633.0,,,False
MIR,2024-03-03 13:00:00,13,3,3,0.047,,,,,0.221,21.0,7.0,23.0,29.0,,0.9,215.0,,632.0,,,False
MIR,2024-03-03 14:00:00,14,3,3,0.043,,,,,0.282,41.0,4.0,23.0,29.0,,0.7,214.0,,631.0,,,False
MIR,2024-03-03 15:00:00,15,3,3,0.042,,,,,0.284,54.0,6.0,23.0,30.0,,0.9,214.0,,630.0,,,False
MIR,2024-03-03 16:00:00,16,3,3,0.043,,,,,0.327,33.0,6.0,23.0,30.0,,0.9,203.0,,630.0,,,False
MIR,2024-03-03 17:00:00,17,3,3,0.042,,,,,0.354,24.0,8.0,23.0,29.0,,0.8,41.0,,630.0,,,False
MIR,2024-03-03 18:00:00,18,3,3,0.038,,,,,0.348,27.0,6.0,23.0,28.0,,0.8,227.0,,631.0,,,False
MIR,2024-03-03 19:00:00,19,3,3,0.032,,,,,0.42,31.0,8.0,23.0,25.0,,0.7,214.0,,631.0,,,False
MIR,2024-03-03 20:00:00,20,3,3,0.031,,,,,0.383,38.0,20.0,23.0,22.0,,0.7,227.0,,632.0,,,False
MIR,2024-03-03 21:00:00,21,3,3,0.028,,,,,0.356,30.0,14.0,23.0,20.0,,0.5,220.0,,632.0,,,False
MIR,2024-03-03 22:00:00,22,3,3,0.016,,,,,0.583,17.0,12.0,23.0,18.0,,0.8,319.0,,633.0,,,False
MIR,2024-03-03 23:00:00,23,3,3,0.02,,,,,0.473,25.0,9.0,23.0,18.0,,0.4,358.0,,633.0,,,False
MIR,2024-03-04 00:00:00,0,4,3,0.019,,,,,0.465,23.0,10.0,23.0,16.0,,0.4,282.0,,633.0,,,False
MIR,2024-03-04 01:00:00,1,4,3,0.006,,,,,0.556,22.0,10.0,23.0,15.0,,0.4,55.0,,633.0,,,False
MIR,2024-03-04 02:00:00,2,4,3,0.004,,,,,0.443,27.0,7.0,23.0,14.0,,0.4,1.0,,632.0,,,False
MIR,2024-03-04 03:00:00,3,4,3,0.002,,,,,0.445,38.0,16.0,24.0,13.0,,0.4,41.0,,632.0,,,False
MIR,2024-03-04 04:00:00,4,4,3,0.002,,,,,0.489,31.0,13.0,23.0,12.0,,0.4,44.0,,632.0,,,False
MIR,2024-03-04 05:00:00,5,4,3,0.001,,,,,0.973,25.0,17.0,23.0,11.0,,0.4,79.0,,632.0,,,False
MIR,2024-03-04 06:00:00,6,4,3,0.0,,,,,1.699,52.0,21.0,23.0,11.0,,0.4,47.0,,633.0,,,False
MIR,2024-03-04 07:00:00,7,4,3,0.001,,,,,2.764,79.0,23.0,23.0,11.0,,0.6,66.0,,633.0,,,False
MIR,2024-03-04 08:00:00,8,4,3,0.003,,,,,0.831,161.0,51.0,23.0,15.0,,0.6,96.0,,633.0,,,False
MIR,2024-03-04 09:00:00,9,4,3,0.019,,,,,,202.0,74.0,23.0,19.0,,0.5,222.0,,633.0,,,False
MIR,2024-03-04 10:00:00,10,4,3,0.026,,,,,0.342,98.0,34.0,23.0,22.0,,0.7,220.0,,633.0,,,False
MIR,2024-03-04 11:00:00,11,4,3,0.05,,,,,,107.0,24.0,23.0,25.0,,0.6,222.0,,633.0,,,False
MIR,2024-03-04 12:00:00,12,4,3,0.049,,,,,0.275,56.0,12.0,23.0,27.0,,0.7,217.0,,632.0,,,False
MIR,2024-03-04 13:00:00,13,4,3,0.045,,,,,0.224,39.0,7.0,23.0,29.0,,0.6,216.0,,631.0,,,False
MIR,2024-03-04 14:00:00,14,4,3,0.042,,,,,0.317,26.0,6.0,23.0,29.0,,0.7,213.0,,631.0,,,False
MIR,2024-03-04 15:00:00,15,4,3,0.043,,,,,0.323,30.0,5.0,23.0,29.0,,0.6,218.0,,630.0,,,False
MIR,2024-03-04 16:00:00,16,4,3,0.04,,,,,0.302,33.0,6.0,23.0,29.0,,0.6,214.0,,630.0,,,False
MIR,2024-03-04 17:00:00,17,4,3,0.036,,,,,0.327,29.0,9.0,23.0,29.0,,0.8,213.0,,630.0,,,False
MIR,2024-03-04 18:00:00,18,4,3,0.03,,,,,0.406,22.0,6.0,23.0,27.0,,0.8,215.0,,630.0,,,False
MIR,2024-03-04 19:00:00,19,4,3,0.026,,,,,0.464,24.0,4.0,23.0,24.0,,0.7,31.0,,631.0,,,False
MIR,2024-03-04 20:00:00,20,4,3,0.032,,,,,0.38,35.0,7.0,23.0,22.0,,1.0,49.0,,632.0,,,False
MIR,2024-03-04 21:00:00,21,4,3,0.026,,,,,0.701,31.0,8.0,23.0,20.0,,0.6,36.0,,632.0,,,False
MIR,2024-03-04 22:00:00,22,4,3,0.023,,,,,0.177,32.0,10.0,23.0,19.0,,0.6,37.0,,632.0,,,False
MIR,2024-03-04 23:00:00,23,4,3,0.026,,,,,0.05,25.0,9.0,23.0,18.0,,0.5,48.0,,633.0,,,False
MIR,2024-03-05 00:00:00,0,5,3,0.015,,,,,0.396,21.0,8.0,23.0,16.0,,0.5,69.0,,632.0,,,False
MIR,2024-03-05 01:00:00,1,5,3,0.001,,,,,0.492,71.0,16.0,23.0,14.0,,0.4,64.0,,632.0,,,False
MIR,2024-03-05 02:00:00,2,5,3,0.008,,,,,0.345,49.0,21.0,23.0,13.0,,0.5,59.0,,632.0,,,False
MIR,2024-03-05 03:00:00,3,5,3,0.001,,,,,0.671,55.0,11.0,23.0,12.0,,0.5,66.0,,632.0,,,False
MIR,2024-03-05 04:00:00,4,5,3,0.002,,,,,0.584,111.0,50.0,23.0,11.0,,0.5,61.0,,632.0,,,False
MIR,2024-03-05 05:00:00,5,5,3,0.001,,,,,1.032,212.0,43.0,23.0,10.0,,0.5,65.0,,632.0,,,False
MIR,2024-03-05 06:00:00,6,5,3,0.0,,,,,1.111,141.0,69.0,23.0,10.0,,0.4,247.0,,632.0,,,False
MIR,2024-03-05 07:00:00,7,5,3,0.0,,,,,2.631,92.0,34.0,23.0,10.0,,0.5,227.0,,633.0,,,False
MIR,2024-03-05 08:00:00,8,5,3,0.002,,,,,1.067,249.0,74.0,23.0,14.0,,0.6,313.0,,633.0,,,False
MIR,2024-03-05 09:00:00,9,5,3,0.01,,,,,0.543,218.0,85.0,23.0,18.0,,0.5,215.0,,633.0,,,False
MIR,2024-03-05 10:00:00,10,5,3,0.026,,,,,0.385,206.0,71.0,23.0,22.0,,0.5,213.0,,633.0,,,False
MIR,2024-03-05 11:00:00,11,5,3,0.043,,,,,0.136,143.0,52.0,23.0,25.0,,0.5,220.0,,632.0,,,False
MIR,2024-03-05 12:00:00,12,5,3,0.057,,,,,0.496,115.0,36.0,23.0,28.0,,0.4,220.0,,632.0,,,False
MIR,2024-03-05 13:00:00,13,5,3,0.073,,,,,0.316,101.0,23.0,23.0,29.0,,0.5,189.0,,631.0,,,False
MIR,2024-03-05 14:00:00,14,5,3,0.072,,,,,0.341,59.0,16.0,23.0,30.0,,0.9,212.0,,630.0,,,False
MIR,2024-03-05 15:00:00,15,5,3,0.05,,,,,0.248,45.0,17.0,23.0,30.0,,0.8,217.0,,630.0,,,False
MIR,2024-03-05 16:00:00,16,5,3,0.053,,,,,0.375,32.0,1.0,23.0,30.0,,0.6,32.0,,629.0,,,False
MIR,2024-03-05 17:00:00,17,5,3,0.046,,,,,0.384,28.0,9.0,23.0,29.0,,0.6,328.0,,630.0,,,False
MIR,2024-03-05 18:00:00,18,5,3,0.033,,,,,0.415,21.0,9.0,23.0,27.0,,0.6,51.0,,630.0,,,False
MIR,2024-03-05 19:00:00,19,5,3,0.012,,,,,0.678,22.0,7.0,23.0,24.0,,0.6,41.0,,630.0,,,False
MIR,2024-03-05 20:00:00,20,5,3,0.001,,,,,1.199,34.0,9.0,23.0,21.0,,0.7,37.0,,630.0,,,False
MIR,2024-03-05 21:00:00,21,5,3,0.011,,,,,0.653,56.0,10.0,23.0,20.0,,0.7,43.0,,631.0,,,False
MIR,2024-03-05 22:00:00,22,5,3,0.019,,,,,0.436,42.0,9.0,23.0,19.0,,0.5,44.0,,631.0,,,False
MIR,2024-03-05 23:00:00,23,5,3,0.029,,,,,0.265,36.0,11.0,23.0,18.0,,0.4,49.0,,631.0,,,False
MIR,2024-03-06 00:00:00,0,6,3,0.026,,,,,0.459,34.0,8.0,23.0,16.0,,0.4,67.0,,632.0,,,False
MIR,2024-03-06 01:00:00,1,6,3,0.003,,,,,0.616,31.0,10.0,23.0,15.0,,0.5,55.0,,632.0,,,False
MIR,2024-03-06 02:00:00,2,6,3,0.003,,,,,0.429,91.0,25.0,23.0,14.0,,0.4,34.0,,631.0,,,False
MIR,2024-03-06 03:00:00,3,6,3,0.001,,,,,0.453,46.0,20.0,23.0,13.0,,0.5,52.0,,631.0,,,False
MIR,2024-03-06 04:00:00,4,6,3,0.001,,,,,0.547,62.0,36.0,23.0,12.0,,0.5,57.0,,631.0,,,False
MIR,2024-03-06 05:00:00,5,6,3,0.0,,,,,0.653,81.0,46.0,23.0,11.0,,0.5,48.0,,631.0,,,False
MIR,2024-03-06 06:00:00,6,6,3,0.0,,,,,1.645,100.0,40.0,23.0,10.0,,0.5,60.0,,631.0,,,False
MIR,2024-03-06 07:00:00,7,6,3,0.002,,,,,1.92,133.0,39.0,23.0,11.0,,0.4,48.0,,632.0,,,False
MIR,2024-03-06 08:00:00,8,6,3,0.005,,,,,1.503,251.0,175.0,23.0,15.0,,0.4,46.0,,632.0,,,False
MIR,2024-03-06 09:00:00,9,6,3,0.008,,,,,1.215,243.0,116.0,23.0,19.0,,0.5,47.0,,632.0,,,False
MIR,2024-03-06 10:00:00,10,6,3,0.021,,,,,0.626,259.0,88.0,25.0,23.0,,0.6,342.0,,632.0,,,False
MIR,2024-03-06 11:00:00,11,6,3,0.042,,,,,0.183,247.0,171.0,23.0,26.0,,1.0,237.0,,632.0,,,False
MIR,2024-03-06 12:00:00,12,6,3,0.054,,,,,0.329,,,22.0,28.0,,0.7,231.0,,631.0,,,False
MIR,2024-03-06 13:00:00,13,6,3,0.06,,,,,0.377,,,23.0,30.0,,0.5,211.0,,630.0,,,False
MIR,2024-03-06 14:00:00,14,6,3,0.064,,,,,0.295,,,23.0,31.0,,0.5,213.0,,630.0,,,False
MIR,2024-03-06 15:00:00,15,6,3,0.062,,,,,0.288,,,23.0,31.0,,0.8,212.0,,629.0,,,False
MIR,2024-03-06 16:00:00,16,6,3,0.061,,,,,0.356,,,,,,,,,,,,False
MIR,2024-03-06 17:00:00,17,6,3,0.056,,,,,0.378,,,,,,,,,,,,False
MIR,2024-03-06 18:00:00,18,6,3,0.048,,,,,0.438,,,,,,,,,,,,False
MIR,2024-03-06 19:00:00,19,6,3,0.032,,,,,0.597,,,,,,,,,,,,False
MIR,2024-03-06 20:00:00,20,6,3,0.028,,,,,0.593,,,,,,,,,,,,False
MIR,2024-03-06 21:00:00,21,6,3,0.031,,,,,0.41,,,,,,,,,,,,False
MIR,2024-03-06 22:00:00,22,6,3,0.031,,,,,0.367,,,,,,,,,,,,False
MIR,2024-03-06 23:00:00,23,6,3,0.027,,,,,0.375,,,,,,,,,,,,False
MIR,2024-03-07 00:00:00,0,7,3,0.005,,,,,0.631,,,,,,,,,,,,False
MIR,2024-03-07 01:00:00,1,7,3,0.0,,,,,0.663,,,,,,,,,,,,False
MIR,2024-03-07 02:00:00,2,7,3,0.0,,,,,0.512,,,,,,,,,,,,False
MIR,2024-03-07 03:00:00,3,7,3,0.002,,,,,0.409,,,,,,,,,,,,False
MIR,2024-03-07 04:00:00,4,7,3,0.008,,,,,0.381,,,,,,,,,,,,False
MIR,2024-03-07 05:00:00,5,7,3,0.0,,,,,0.731,,,,,,,,,,,,False
MIR,2024-03-07 06:00:00,6,7,3,0.0,,,,,1.273,,,,,,,,,,,,False
MIR,2024-03-07 07:00:00,7,7,3,0.001,,,,,2.485,,,,,,,,,,,,False
MIR,2024-03-07 08:00:00,8,7,3,0.003,,,,,1.094,,,,,,,,,,,,False
MIR,2024-03-07 09:00:00,9,7,3,0.01,,,,,0.449,190.0,64.0,,,,,,,,,,False
MIR,2024-03-07 10:00:00,10,7,3,0.026,,,,,0.422,181.0,59.0,23.0,25.0,,0.5,209.0,,632.0,,,False
MIR,2024-03-07 11:00:00,11,7,3,0.045,,,,,,144.0,40.0,23.0,26.0,,0.8,215.0,,632.0,,,False
MIR,2024-03-07 12:00:00,12,7,3,0.047,,,,,0.264,40.0,6.0,23.0,28.0,,0.8,211.0,,631.0,,,False
MIR,2024-03-07 13:00:00,13,7,3,0.049,,,,,0.302,29.0,4.0,23.0,29.0,,0.8,215.0,,631.0,,,False
MIR,2024-03-07 14:00:00,14,7,3,0.055,,,,,0.297,24.0,3.0,23.0,29.0,,0.8,214.0,,630.0,,,False
MIR,2024-03-07 15:00:00,15,7,3,0.055,,,,,0.283,38.0,5.0,23.0,30.0,,0.6,213.0,,629.0,,,False
MIR,2024-03-07 16:00:00,16,7,3,0.052,,,,,0.288,26.0,4.0,23.0,31.0,,0.8,29.0,,629.0,,,False
MIR,2024-03-07 17:00:00,17,7,3,0.048,,,,,0.315,21.0,0.0,23.0,30.0,,0.8,218.0,,629.0,,,False
MIR,2024-03-07 18:00:00,18,7,3,0.039,,,,,0.482,26.0,4.0,23.0,28.0,,0.7,218.0,,629.0,,,False
MIR,2024-03-07 19:00:00,19,7,3,0.03,,,,,0.51,29.0,4.0,23.0,25.0,,0.7,44.0,,630.0,,,False
MIR,2024-03-07 20:00:00,20,7,3,0.03,,,,,0.447,35.0,6.0,23.0,22.0,,0.6,53.0,,631.0,,,False
MIR,2024-03-07 21:00:00,21,7,3,0.029,,,,,0.397,40.0,8.0,23.0,20.0,,0.7,45.0,,631.0,,,False
MIR,2024-03-07 22:00:00,22,7,3,0.026,,,,,0.37,33.0,7.0,23.0,19.0,,0.7,41.0,,632.0,,,False
MIR,2024-03-07 23:00:00,23,7,3,0.024,,,,,0.359,23.0,6.0,23.0,17.0,,0.6,35.0,,632.0,,,False
MIR,2024-03-08 00:00:00,0,8,3,0.019,,,,,0.382,20.0,8.0,23.0,16.0,,0.5,49.0,,632.0,,,False
MIR,2024-03-08 01:00:00,1,8,3,0.011,,,,,0.526,23.0,11.0,23.0,15.0,,0.5,54.0,,632.0,,,False
MIR,2024-03-08 02:00:00,2,8,3,0.005,,,,,0.344,58.0,17.0,23.0,13.0,,0.4,47.0,,632.0,,,False
MIR,2024-03-08 03:00:00,3,8,3,0.008,,,,,0.383,69.0,16.0,23.0,12.0,,0.5,52.0,,631.0,,,False
MIR,2024-03-08 04:00:00,4,8,3,0.0,,,,,0.71,87.0,21.0,23.0,12.0,,0.5,61.0,,631.0,,,False
MIR,2024-03-08 05:00:00,5,8,3,0.0,,,,,0.749,103.0,46.0,23.0,11.0,,0.5,57.0,,632.0,,,False
MIR,2024-03-08 06:00:00,6,8,3,0.0,,,,,1.111,119.0,56.0,23.0,10.0,,0.5,48.0,,632.0,,,False
MIR,2024-03-08 07:00:00,7,8,3,0.001,,,,,1.889,150.0,62.0,23.0,10.0,,0.5,189.0,,632.0,,,False
MIR,2024-03-08 08:00:00,8,8,3,0.003,,,,,1.711,192.0,79.0,23.0,14.0,,0.6,323.0,,633.0,,,False
MIR,2024-03-08 09:00:00,9,8,3,0.009,,,,,0.786,297.0,113.0,23.0,18.0,,0.5,233.0,,633.0,,,False
MIR,2024-03-08 10:00:00,10,8,3,0.021,,,,,0.282,234.0,79.0,23.0,22.0,,0.6,221.0,,633.0,,,False
MIR,2024-03-08 11:00:00,11,8,3,0.038,,,,,0.019,80.0,20.0,23.0,25.0,,0.5,43.0,,632.0,,,False
MIR,2024-03-08 12:00:00,12,8,3,0.043,,,,,0.313,38.0,3.0,23.0,27.0,,0.6,7.0,,632.0,,,False
MIR,2024-03-08 13:00:00,13,8,3,0.054,,,,,0.304,50.0,9.0,23.0,30.0,,0.9,218.0,,631.0,,,False
MIR,2024-03-08 14:00:00,14,8,3,0.048,,,,,0.287,53.0,7.0,23.0,31.0,,0.7,65.0,,630.0,,,False
MIR,2024-03-08 15:00:00,15,8,3,0.047,,,,,0.33,42.0,4.0,23.0,30.0,,0.8,53.0,,630.0,,,False
MIR,2024-03-08 16:00:00,16,8,3,0.046,,,,,0.32,40.0,3.0,23.0,31.0,,0.8,46.0,,629.0,,,False
MIR,2024-03-08 17:00:00,17,8,3,0.042,,,,,0.336,29.0,4.0,23.0,30.0,,0.6,159.0,,629.0,,,False
MIR,2024-03-08 18:00:00,18,8,3,0.026,,,,,0.46,26.0,3.0,23.0,27.0,,0.7,218.0,,630.0,,,False
MIR,2024-03-08 19:00:00,19,8,3,0.018,,,,,0.521,38.0,5.0,23.0,24.0,,0.8,19.0,,630.0,,,False
MIR,2024-03-08 20:00:00,20,8,3,0.019,,,,,0.495,31.0,6.0,24.0,22.0,,0.7,47.0,,631.0,,,False
MIR,2024-03-08 21:00:00,21,8,3,0.011,,,,,0.582,26.0,6.0,23.0,20.0,,0.4,30.0,,631.0,,,False
MIR,2024-03-08 22:00:00,22,8,3,0.001,,,,,0.922,41.0,5.0,23.0,18.0,,0.4,49.0,,632.0,,,False
MIR,2024-03-08 23:00:00,23,8,3,0.001,,,,,1.119,61.0,17.0,24.0,17.0,,0.4,41.0,,632.0,,,False
MIR,2024-03-09 00:00:00,0,9,3,0.0,,,,,0.892,49.0,11.0,23.0,16.0,,0.5,43.0,,632.0,,,False
MIR,2024-03-09 01:00:00,1,9,3,0.0,,,,,0.465,161.0,52.0,23.0,15.0,,0.5,49.0,,632.0,,,False
MIR,2024-03-09 02:00:00,2,9,3,0.002,,,,,0.501,66.0,17.0,23.0,15.0,,0.6,51.0,,632.0,,,False
MIR,2024-03-09 03:00:00,3,9,3,,,,,,0.828,51.0,17.0,23.0,14.0,,0.4,51.0,,632.0,,,False
MIR,2024-03-09 04:00:00,4,9,3,,,,,,0.6,122.0,41.0,23.0,13.0,,0.5,60.0,,631.0,,,False
MIR,2024-03-09 05:00:00,5,9,3,,,,,,0.71,96.0,36.0,23.0,12.0,,0.4,53.0,,631.0,,,False
MIR,2024-03-09 06:00:00,6,9,3,,,,,,1.082,124.0,44.0,23.0,12.0,,0.4,47.0,,631.0,,,False
MIR,2024-03-09 07:00:00,7,9,3,,,,,,2.327,147.0,46.0,23.0,11.0,,0.5,53.0,,632.0,,,False
MIR,2024-03-09 08:00:00,8,9,3,0.004,,,,,0.481,243.0,56.0,23.0,17.0,,0.5,54.0,,632.0,,,False
MIR,2024-03-09 09:00:00,9,9,3,0.017,,,,,0.363,125.0,50.0,23.0,21.0,,0.6,43.0,,632.0,,,False
MIR,2024-03-09 10:00:00,10,9,3,0.037,,,,,0.575,146.0,55.0,23.0,24.0,,0.5,59.0,,632.0,,,False
MIR,2024-03-09 11:00:00,11,9,3,0.049,,,,,0.298,102.0,37.0,23.0,27.0,,0.6,30.0,,632.0,,,False
MIR,2024-03-09 12:00:00,12,9,3,0.061,,,,,0.367,81.0,23.0,23.0,30.0,,0.8,42.0,,631.0,,,False
MIR,2024-03-09 13:00:00,13,9,3,0.051,,,,,0.333,59.0,15.0,23.0,31.0,,1.0,47.0,,630.0,,,False
MIR,2024-03-09 14:00:00,14,9,3,0.053,,,,,0.37,51.0,13.0,23.0,32.0,,0.9,211.0,,630.0,,,False
MIR,2024-03-09 15:00:00,15,9,3,0.047,,,,,0.31,51.0,11.0,23.0,33.0,,0.6,209.0,,629.0,,,False
MIR,2024-03-09 16:00:00,16,9,3,0.047,,,,,0.355,59.0,7.0,23.0,33.0,,0.8,345.0,,629.0,,,False
MIR,2024-03-09 17:00:00,17,9,3,0.048,,,,,0.379,45.0,2.0,23.0,32.0,,0.7,49.0,,629.0,,,False
MIR,2024-03-09 18:00:00,18,9,3,0.046,,,,,0.419,34.0,4.0,23.0,30.0,,0.7,216.0,,629.0,,,False
MIR,2024-03-09 19:00:00,19,9,3,0.043,,,,,0.487,29.0,9.0,23.0,26.0,,0.6,62.0,,630.0,,,False
MIR,2024-03-09 20:00:00,20,9,3,0.035,,,,,0.543,34.0,10.0,23.0,24.0,,0.5,50.0,,631.0,,,False
MIR,2024-03-09 21:00:00,21,9,3,0.033,,,,,0.458,33.0,12.0,24.0,22.0,,0.6,26.0,,631.0,,,False
MIR,2024-03-09 22:00:00,22,9,3,0.027,,,,,0.56,33.0,15.0,23.0,20.0,,0.5,50.0,,632.0,,,False
MIR,2024-03-09 23:00:00,23,9,3,0.019,,,,,0.643,29.0,14.0,23.0,18.0,,0.4,42.0,,632.0,,,False
MIR,2024-03-10 00:00:00,0,10,3,0.015,,,,,0.629,24.0,11.0,23.0,17.0,,0.4,41.0,,632.0,,,False
MIR,2024-03-10 01:00:00,1,10,3,0.003,,,,,0.858,28.0,13.0,23.0,16.0,,0.4,61.0,,632.0,,,False
MIR,2024-03-10 02:00:00,2,10,3,0.0,,,,,0.675,55.0,18.0,23.0,15.0,,0.5,58.0,,632.0,,,False
MIR,2024-03-10 03:00:00,3,10,3,0.003,,,,,0.487,65.0,26.0,23.0,14.0,,0.5,64.0,,632.0,,,False
MIR,2024-03-10 04:00:00,4,10,3,0.0,,,,,0.778,52.0,21.0,23.0,13.0,,0.5,51.0,,631.0,,,False
MIR,2024-03-10 05:00:00,5,10,3,0.001,,,,,1.309,100.0,48.0,23.0,13.0,,0.5,59.0,,631.0,,,False
MIR,2024-03-10 06:00:00,6,10,3,0.0,,,,,1.481,157.0,82.0,23.0,12.0,,0.5,60.0,,632.0,,,False
MIR,2024-03-10 07:00:00,7,10,3,0.0,,,,,1.511,183.0,105.0,23.0,12.0,,0.4,55.0,,632.0,,,False
MIR,2024-03-10 08:00:00,8,10,3,0.009,,,,,1.013,172.0,83.0,23.0,16.0,,0.5,43.0,,633.0,,,False
MIR,2024-03-10 09:00:00,9,10,3,0.034,,,,,0.192,156.0,73.0,23.0,21.0,,0.7,33.0,,633.0,,,False
MIR,2024-03-10 10:00:00,10,10,3,0.062,,,,,0.418,95.0,51.0,23.0,24.0,,0.5,31.0,,633.0,,,False
MIR,2024-03-10 11:00:00,11,10,3,0.064,,,,,0.274,84.0,42.0,23.0,27.0,,0.5,48.0,,633.0,,,False
MIR,2024-03-10 12:00:00,12,10,3,0.07,,,,,0.357,55.0,19.0,23.0,30.0,,0.6,242.0,,632.0,,,False
MIR,2024-03-10 13:00:00,13,10,3,0.06,,,,,0.275,43.0,13.0,23.0,32.0,,0.8,211.0,,631.0,,,False
MIR,2024-03-10 14:00:00,14,10,3,0.051,,,,,0.331,23.0,8.0,23.0,33.0,,0.5,321.0,,630.0,,,False
MIR,2024-03-10 15:00:00,15,10,3,0.051,,,,,0.314,16.0,4.0,23.0,33.0,,0.7,25.0,,630.0,,,False
MIR,2024-03-10 16:00:00,16,10,3,0.049,,,,,0.398,20.0,5.0,23.0,33.0,,0.8,20.0,,630.0,,,False
MIR,2024-03-10 17:00:00,17,10,3,0.051,,,,,0.376,26.0,9.0,23.0,32.0,,0.8,17.0,,630.0,,,False
MIR,2024-03-10 18:00:00,18,10,3,0.056,,,,,0.431,23.0,6.0,23.0,30.0,,0.6,0.0,,630.0,,,False
MIR,2024-03-10 19:00:00,19,10,3,0.045,,,,,0.608,23.0,7.0,23.0,27.0,,0.5,41.0,,631.0,,,False
MIR,2024-03-10 20:00:00,20,10,3,0.034,,,,,0.57,19.0,4.0,23.0,24.0,,0.6,35.0,,632.0,,,False
MIR,2024-03-10 21:00:00,21,10,3,0.035,,,,,0.537,34.0,8.0,24.0,23.0,,0.6,32.0,,633.0,,,False
MIR,2024-03-10 22:00:00,22,10,3,0.027,,,,,0.63,46.0,10.0,23.0,21.0,,0.5,51.0,,633.0,,,False
MIR,2024-03-10 23:00:00,23,10,3,0.014,,,,,0.752,43.0,15.0,23.0,19.0,,0.5,48.0,,633.0,,,False
MIR,2024-03-11 00:00:00,0,11,3,0.02,,,,,0.538,44.0,18.0,23.0,18.0,,0.4,44.0,,633.0,,,False
MIR,2024-03-11 01:00:00,1,11,3,0.004,,,,,0.547,38.0,12.0,23.0,16.0,,0.4,56.0,,633.0,,,False
MIR,2024-03-11 02:00:00,2,11,3,0.0,,,,,0.671,95.0,18.0,23.0,15.0,,0.5,58.0,,633.0,,,False
MIR,2024-03-11 03:00:00,3,11,3,0.002,,,,,0.576,63.0,22.0,23.0,14.0,,0.4,53.0,,632.0,,,False
MIR,2024-03-11 04:00:00,4,11,3,0.0,,,,,0.535,51.0,23.0,23.0,14.0,,0.4,62.0,,632.0,,,False
MIR,2024-03-11 05:00:00,5,11,3,0.0,,,,,0.844,71.0,36.0,23.0,13.0,,0.4,56.0,,633.0,,,False
MIR,2024-03-11 06:00:00,6,11,3,0.0,,,,,1.839,119.0,61.0,23.0,12.0,,0.6,74.0,,633.0,,,False
MIR,2024-03-11 07:00:00,7,11,3,0.001,,,,,2.716,138.0,57.0,23.0,13.0,,0.5,59.0,,633.0,,,False
MIR,2024-03-11 08:00:00,8,11,3,0.003,,,,,1.362,292.0,119.0,23.0,17.0,,0.6,51.0,,634.0,,,False
MIR,2024-03-11 09:00:00,9,11,3,0.02,,,,,,275.0,102.0,23.0,22.0,,0.5,45.0,,634.0,,,False
MIR,2024-03-11 10:00:00,10,11,3,0.044,,,,,0.337,154.0,55.0,23.0,25.0,,0.5,37.0,,634.0,,,False
MIR,2024-03-11 11:00:00,11,11,3,0.055,,,,,0.182,91.0,26.0,23.0,27.0,,0.5,242.0,,634.0,,,False
MIR,2024-03-11 12:00:00,12,11,3,0.052,,,,,0.243,83.0,28.0,23.0,29.0,,0.5,216.0,,633.0,,,False
MIR,2024-03-11 13:00:00,13,11,3,0.06,,,,,0.141,52.0,17.0,23.0,31.0,,0.6,214.0,,633.0,,,False
MIR,2024-03-11 14:00:00,14,11,3,0.063,,,,,0.319,42.0,11.0,23.0,33.0,,0.7,207.0,,632.0,,,False
MIR,2024-03-11 15:00:00,15,11,3,0.049,,,,,0.335,42.0,9.0,23.0,33.0,,0.6,214.0,,631.0,,,False
MIR,2024-03-11 16:00:00,16,11,3,0.041,,,,,0.332,38.0,5.0,23.0,33.0,,0.8,253.0,,631.0,,,False
MIR,2024-03-11 17:00:00,17,11,3,0.043,,,,,0.352,30.0,5.0,23.0,32.0,,0.7,211.0,,631.0,,,False
MIR,2024-03-11 18:00:00,18,11,3,0.036,,,,,0.443,28.0,4.0,23.0,31.0,,0.6,217.0,,631.0,,,False
MIR,2024-03-11 19:00:00,19,11,3,0.028,,,,,0.617,24.0,9.0,23.0,28.0,,0.7,30.0,,632.0,,,False
MIR,2024-03-11 20:00:00,20,11,3,0.035,,,,,0.427,38.0,8.0,23.0,25.0,,0.6,215.0,,633.0,,,False
MIR,2024-03-11 21:00:00,21,11,3,0.024,,,,,0.468,51.0,11.0,23.0,23.0,,0.7,208.0,,633.0,,,False
MIR,2024-03-11 22:00:00,22,11,3,0.037,,,,,0.386,49.0,17.0,23.0,22.0,,0.6,201.0,,634.0,,,False
MIR,2024-03-11 23:00:00,23,11,3,0.033,,,,,0.3,33.0,11.0,23.0,21.0,,0.5,210.0,,634.0,,,False
MIR,2024-03-12 00:00:00,0,12,3,0.028,,,,,0.381,31.0,9.0,23.0,19.0,,0.4,257.0,,634.0,,,False
MIR,2024-03-12 01:00:00,1,12,3,0.028,,,,,0.344,30.0,15.0,23.0,18.0,,0.4,185.0,,634.0,,,False
MIR,2024-03-12 02:00:00,2,12,3,0.021,,,,,0.367,29.0,7.0,23.0,16.0,,0.5,296.0,,634.0,,,False
MIR,2024-03-12 03:00:00,3,12,3,0.015,,,,,0.44,23.0,15.0,23.0,16.0,,0.4,275.0,,634.0,,,False
MIR,2024-03-12 04:00:00,4,12,3,0.012,,,,,0.379,41.0,15.0,23.0,15.0,,0.5,185.0,,634.0,,,False
MIR,2024-03-12 05:00:00,5,12,3,0.024,,,,,0.333,49.0,16.0,23.0,16.0,,0.5,297.0,,634.0,,,False
MIR,2024-03-12 06:00:00,6,12,3,0.002,,,,,1.074,28.0,11.0,23.0,15.0,,0.4,256.0,,634.0,,,False
MIR,2024-03-12 07:00:00,7,12,3,0.001,,,,,2.353,110.0,24.0,23.0,14.0,,0.6,262.0,,635.0,,,False
MIR,2024-03-12 08:00:00,8,12,3,0.005,,,,,0.539,155.0,49.0,23.0,18.0,,0.5,210.0,,635.0,,,False
MIR,2024-03-12 09:00:00,9,12,3,0.02,,,,,0.228,176.0,48.0,23.0,21.0,,0.7,174.0,,635.0,,,False
MIR,2024-03-12 10:00:00,10,12,3,0.041,,,,,0.208,123.0,49.0,23.0,24.0,,0.6,217.0,,635.0,,,False
MIR,2024-03-12 11:00:00,11,12,3,0.049,,,,,0.092,73.0,27.0,23.0,26.0,,0.5,218.0,,635.0,,,False
MIR,2024-03-12 12:00:00,12,12,3,0.06,,,,,0.338,66.0,22.0,23.0,29.0,,0.6,215.0,,634.0,,,False
MIR,2024-03-12 13:00:00,13,12,3,0.07,,,,,0.315,58.0,16.0,23.0,30.0,,0.6,213.0,,633.0,,,False
MIR,2024-03-12 14:00:00,14,12,3,0.055,,,,,0.297,53.0,16.0,23.0,31.0,,0.9,213.0,,632.0,,,False
MIR,2024-03-12 15:00:00,15,12,3,0.054,,,,,0.281,47.0,18.0,23.0,32.0,,0.8,211.0,,632.0,,,False
MIR,2024-03-12 16:00:00,16,12,3,0.046,,,,,0.3,41.0,13.0,23.0,32.0,,0.7,212.0,,631.0,,,False
MIR,2024-03-12 17:00:00,17,12,3,0.038,,,,,0.331,34.0,10.0,23.0,31.0,,0.9,112.0,,631.0,,,False
MIR,2024-03-12 18:00:00,18,12,3,0.035,,,,,0.397,,,23.0,29.0,,0.8,49.0,,631.0,,,False
MIR,2024-03-12 19:00:00,19,12,3,0.028,,,,,0.556,,,23.0,27.0,,0.7,219.0,,632.0,,,False
MIR,2024-03-12 20:00:00,20,12,3,0.033,,,,,0.441,,,23.0,24.0,,0.5,221.0,,633.0,,,False
MIR,2024-03-12 21:00:00,21,12,3,0.026,,,,,0.576,,,23.0,22.0,,0.6,226.0,,633.0,,,False
MIR,2024-03-12 22:00:00,22,12,3,0.025,,,,,0.431,,,23.0,21.0,,0.4,222.0,,634.0,,,False
MIR,2024-03-12 23:00:00,23,12,3,0.019,,,,,0.45,,,23.0,19.0,,0.5,217.0,,634.0,,,False
MIR,2024-03-13 00:00:00,0,13,3,0.017,,,,,0.426,,,23.0,18.0,,0.5,213.0,,634.0,,,False
MIR,2024-03-13 01:00:00,1,13,3,0.01,,,,,0.324,33.0,,23.0,17.0,,0.5,223.0,,633.0,,,False
MIR,2024-03-13 02:00:00,2,13,3,0.007,,,,,0.481,63.0,,23.0,17.0,,0.5,247.0,,633.0,,,False
MIR,2024-03-13 03:00:00,3,13,3,0.01,,,,,0.414,56.0,,23.0,17.0,,0.5,240.0,,632.0,,,False
MIR,2024-03-13 04:00:00,4,13,3,0.003,,,,,0.625,57.0,,23.0,16.0,,0.4,319.0,,632.0,,,False
MIR,2024-03-13 05:00:00,5,13,3,0.0,,,,,0.865,65.0,,23.0,14.0,,0.5,33.0,,633.0,,,False
MIR,2024-03-13 06:00:00,6,13,3,0.0,,,,,0.762,107.0,,23.0,14.0,,0.5,262.0,,633.0,,,False
MIR,2024-03-13 07:00:00,7,13,3,0.001,,,,,2.437,141.0,,23.0,14.0,,0.5,300.0,,633.0,,,False
MIR,2024-03-13 08:00:00,8,13,3,0.004,,,,,0.659,253.0,,23.0,18.0,,0.6,239.0,,633.0,,,False
MIR,2024-03-13 09:00:00,9,13,3,0.023,,,,,,191.0,,23.0,21.0,,0.5,202.0,,633.0,,,False
MIR,2024-03-13 10:00:00,10,13,3,0.043,,,,,0.298,142.0,,23.0,24.0,,0.6,218.0,,633.0,,,False
MIR,2024-03-13 11:00:00,11,13,3,0.052,,,,,0.216,69.0,,23.0,27.0,,0.5,217.0,,633.0,,,False
MIR,2024-03-13 12:00:00,12,13,3,0.057,,,,,0.322,58.0,,23.0,29.0,,0.7,215.0,,632.0,,,False
MIR,2024-03-13 13:00:00,13,13,3,0.057,,,,,0.29,64.0,,23.0,30.0,,0.7,212.0,,632.0,,,False
MIR,2024-03-13 14:00:00,14,13,3,0.054,,,,,0.302,45.0,,23.0,31.0,,0.8,211.0,,631.0,,,False
MIR,2024-03-13 15:00:00,15,13,3,0.046,,,,,0.259,41.0,,23.0,32.0,,0.9,213.0,,630.0,,,False
MIR,2024-03-13 16:00:00,16,13,3,0.044,,,,,0.301,40.0,,23.0,31.0,,0.6,208.0,,630.0,,,False
MIR,2024-03-13 17:00:00,17,13,3,0.042,,,,,0.343,36.0,,23.0,30.0,,0.6,212.0,,630.0,,,False
MIR,2024-03-13 18:00:00,18,13,3,0.038,,,,,0.447,36.0,,23.0,29.0,,0.7,215.0,,630.0,,,False
MIR,2024-03-13 19:00:00,19,13,3,0.025,,,,,0.653,39.0,,23.0,27.0,,0.7,220.0,,630.0,,,False
MIR,2024-03-13 20:00:00,20,13,3,0.026,,,,,0.481,61.0,,23.0,25.0,,0.7,221.0,,631.0,,,False
MIR,2024-03-13 21:00:00,21,13,3,0.024,,,,,0.463,48.0,,23.0,23.0,,0.5,42.0,,631.0,,,False
MIR,2024-03-13 22:00:00,22,13,3,0.013,,,,,0.753,45.0,,23.0,21.0,,0.5,33.0,,631.0,,,False
MIR,2024-03-13 23:00:00,23,13,3,0.006,,,,,0.741,60.0,,23.0,19.0,,0.5,36.0,,632.0,,,False
MIR,2024-03-14 00:00:00,0,14,3,0.006,,,,,0.616,72.0,,23.0,18.0,,0.4,49.0,,632.0,,,False
MIR,2024-03-14 01:00:00,1,14,3,0.003,,,,,0.543,86.0,,23.0,17.0,,0.4,55.0,,631.0,,,False
MIR,2024-03-14 02:00:00,2,14,3,0.002,,,,,0.446,58.0,,23.0,16.0,,0.6,51.0,,631.0,,,False
MIR,2024-03-14 03:00:00,3,14,3,,,,,,0.439,47.0,,23.0,15.0,,0.4,62.0,,631.0,,,False
MIR,2024-03-14 04:00:00,4,14,3,,,,,,0.673,46.0,,23.0,15.0,,0.5,69.0,,631.0,,,False
MIR,2024-03-14 05:00:00,5,14,3,,,,,,0.918,99.0,,23.0,14.0,,0.5,52.0,,631.0,,,False
MIR,2024-03-14 06:00:00,6,14,3,,,,,,0.973,118.0,,23.0,13.0,,0.4,78.0,,631.0,,,False
MIR,2024-03-14 07:00:00,7,14,3,,,,,,1.488,150.0,,23.0,13.0,,0.4,50.0,,631.0,,,False
MIR,2024-03-14 08:00:00,8,14,3,0.006,,,,,0.73,150.0,,23.0,18.0,,0.5,107.0,,631.0,,,False
MIR,2024-03-14 09:00:00,9,14,3,0.01,,,,,0.561,157.0,,23.0,21.0,,0.6,228.0,,632.0,,,False
MIR,2024-03-14 10:00:00,10,14,3,0.029,,,,,0.19,223.0,,23.0,24.0,,0.6,217.0,,632.0,,,False
MIR,2024-03-14 11:00:00,11,14,3,0.047,,,,,,108.0,,23.0,27.0,,0.6,218.0,,631.0,,,False
MIR,2024-03-14 12:00:00,12,14,3,0.046,,,,,0.269,55.0,,23.0,30.0,,0.6,213.0,,631.0,,,False
MIR,2024-03-14 13:00:00,13,14,3,0.047,,,,,0.227,47.0,,23.0,31.0,,0.8,211.0,,630.0,,,False
MIR,2024-03-14 14:00:00,14,14,3,0.051,,,,,0.296,31.0,,23.0,32.0,,0.7,212.0,,629.0,,,False
MIR,2024-03-14 15:00:00,15,14,3,0.042,,,,,0.271,31.0,,23.0,33.0,,0.8,210.0,,628.0,,,False
MIR,2024-03-14 16:00:00,16,14,3,0.036,,,,,0.333,38.0,5.0,23.0,32.0,,1.1,210.0,,628.0,,,False
MIR,2024-03-14 17:00:00,17,14,3,0.03,,,,,0.343,44.0,5.0,23.0,31.0,,0.8,212.0,,628.0,,,False
MIR,2024-03-14 18:00:00,18,14,3,0.032,,,,,0.369,69.0,7.0,23.0,29.0,,0.5,212.0,,629.0,,,False
MIR,2024-03-14 19:00:00,19,14,3,0.029,,,,,0.481,69.0,11.0,23.0,26.0,,0.8,218.0,,630.0,,,False
MIR,2024-03-14 20:00:00,20,14,3,0.036,,,,,0.387,53.0,9.0,23.0,25.0,,0.9,218.0,,630.0,,,False
MIR,2024-03-14 21:00:00,21,14,3,0.035,,,,,0.434,67.0,19.0,23.0,23.0,,0.8,221.0,,631.0,,,False
MIR,2024-03-14 22:00:00,22,14,3,0.032,,,,,0.369,49.0,19.0,23.0,22.0,,0.8,223.0,,631.0,,,False
MIR,2024-03-14 23:00:00,23,14,3,0.031,,,,,0.277,40.0,15.0,23.0,21.0,,0.5,221.0,,631.0,,,False
MIR,2024-03-15 00:00:00,0,15,3,0.025,,,,,0.335,25.0,11.0,23.0,19.0,,0.5,222.0,,632.0,,,False
MIR,2024-03-15 01:00:00,1,15,3,0.004,,,,,0.469,34.0,10.0,23.0,18.0,,0.5,225.0,,632.0,,,False
MIR,2024-03-15 02:00:00,2,15,3,0.004,,,,,0.523,54.0,20.0,23.0,16.0,,0.4,232.0,,631.0,,,False
MIR,2024-03-15 03:00:00,3,15,3,0.008,,,,,0.423,51.0,21.0,23.0,15.0,,0.5,238.0,,631.0,,,False
MIR,2024-03-15 04:00:00,4,15,3,0.003,,,,,0.514,38.0,13.0,23.0,14.0,,0.5,227.0,,631.0,,,False
MIR,2024-03-15 05:00:00,5,15,3,0.0,,,,,0.944,38.0,16.0,23.0,14.0,,0.4,221.0,,631.0,,,False
MIR,2024-03-15 06:00:00,6,15,3,0.0,,,,,1.113,102.0,40.0,23.0,14.0,,0.5,236.0,,632.0,,,False
MIR,2024-03-15 07:00:00,7,15,3,0.001,,,,,2.028,116.0,48.0,23.0,14.0,,0.4,260.0,,632.0,,,False
MIR,2024-03-15 08:00:00,8,15,3,0.006,,,,,0.779,142.0,54.0,23.0,18.0,,0.5,214.0,,632.0,,,False
MIR,2024-03-15 09:00:00,9,15,3,0.025,,,,,,111.0,42.0,23.0,22.0,,0.6,222.0,,632.0,,,False
MIR,2024-03-15 10:00:00,10,15,3,0.041,,,,,0.206,72.0,24.0,23.0,25.0,,0.6,220.0,,632.0,,,False
MIR,2024-03-15 11:00:00,11,15,3,0.044,,,,,0.13,89.0,29.0,23.0,27.0,,0.6,219.0,,632.0,,,False
MIR,2024-03-15 12:00:00,12,15,3,0.048,,,,,0.118,94.0,27.0,23.0,29.0,,0.8,215.0,,632.0,,,False
MIR,2024-03-15 13:00:00,13,15,3,0.048,,,,,0.092,46.0,15.0,23.0,29.0,,0.9,215.0,,631.0,,,False
MIR,2024-03-15 14:00:00,14,15,3,0.047,,,,,0.144,48.0,12.0,23.0,30.0,,0.7,214.0,,630.0,,,False
MIR,2024-03-15 15:00:00,15,15,3,0.04,,,,,0.105,45.0,15.0,23.0,31.0,,1.2,212.0,,630.0,,,False
MIR,2024-03-15 16:00:00,16,15,3,0.035,,,,,0.125,49.0,8.0,23.0,31.0,,0.7,211.0,,629.0,,,False
MIR,2024-03-15 17:00:00,17,15,3,0.03,,,,,0.153,58.0,10.0,23.0,30.0,,0.7,211.0,,629.0,,,False
MIR,2024-03-15 18:00:00,18,15,3,0.028,,,,,0.258,40.0,9.0,23.0,29.0,,0.8,213.0,,630.0,,,False
MIR,2024-03-15 19:00:00,19,15,3,0.023,,,,,0.263,42.0,10.0,23.0,27.0,,0.7,217.0,,630.0,,,False
MIR,2024-03-15 20:00:00,20,15,3,0.016,,,,,0.412,44.0,11.0,23.0,25.0,,0.7,219.0,,631.0,,,False
MIR,2024-03-15 21:00:00,21,15,3,0.016,,,,,0.347,52.0,16.0,23.0,24.0,,0.5,222.0,,631.0,,,False
MIR,2024-03-15 22:00:00,22,15,3,0.013,,,,,0.368,32.0,13.0,23.0,22.0,,0.6,222.0,,631.0,,,False
MIR,2024-03-15 23:00:00,23,15,3,0.005,,,,,0.712,39.0,18.0,23.0,20.0,,0.4,215.0,,632.0,,,False
MIR,2024-03-16 00:00:00,0,16,3,,,,,,0.67,50.0,19.0,23.0,18.0,,0.5,220.0,,632.0,,,False
MIR,2024-03-16 01:00:00,1,16,3,,,,,,0.462,57.0,23.0,23.0,17.0,,0.5,240.0,,632.0,,,False
MIR,2024-03-16 02:00:00,2,16,3,,,,,,0.276,101.0,28.0,23.0,16.0,,0.4,243.0,,631.0,,,False
MIR,2024-03-16 03:00:00,3,16,3,,,,,,0.46,46.0,17.0,23.0,16.0,,0.4,245.0,,631.0,,,False
MIR,2024-03-16 04:00:00,4,16,3,,,,,,0.447,66.0,29.0,23.0,15.0,,0.5,78.0,,631.0,,,False
MIR,2024-03-16 05:00:00,5,16,3,,,,,,0.219,83.0,41.0,23.0,14.0,,0.5,149.0,,631.0,,,False
MIR,2024-03-16 06:00:00,6,16,3,0.001,,,,,1.745,43.0,22.0,23.0,14.0,,0.6,353.0,,631.0,,,False
MIR,2024-03-16 07:00:00,7,16,3,0.001,,,,,2.094,207.0,88.0,23.0,14.0,,0.6,171.0,,632.0,,,False
MIR,2024-03-16 08:00:00,8,16,3,0.005,,,,,1.007,234.0,120.0,23.0,17.0,,0.6,237.0,,632.0,,,False
MIR,2024-03-16 09:00:00,9,16,3,0.018,,,,,0.005,240.0,119.0,23.0,21.0,,0.6,215.0,,632.0,,,False
MIR,2024-03-16 10:00:00,10,16,3,0.038,,,,,0.056,164.0,69.0,23.0,25.0,,0.5,218.0,,632.0,,,False
MIR,2024-03-16 11:00:00,11,16,3,0.047,,,,,,79.0,28.0,23.0,28.0,,0.5,215.0,,632.0,,,False
MIR,2024-03-16 12:00:00,12,16,3,0.05,,,,,0.096,51.0,19.0,23.0,30.0,,0.9,214.0,,631.0,,,False
MIR,2024-03-16 13:00:00,13,16,3,0.054,,,,,0.099,35.0,6.0,23.0,32.0,,0.8,211.0,,630.0,,,False
MIR,2024-03-16 14:00:00,14,16,3,0.043,,,,,0.078,34.0,9.0,23.0,33.0,,1.0,209.0,,629.0,,,False
MIR,2024-03-16 15:00:00,15,16,3,0.04,,,,,0.083,35.0,6.0,23.0,34.0,,1.0,209.0,,629.0,,,False
MIR,2024-03-16 16:00:00,16,16,3,0.031,,,,,0.124,43.0,6.0,23.0,34.0,,0.7,14.0,,629.0,,,False
MIR,2024-03-16 17:00:00,17,16,3,0.028,,,,,0.118,38.0,3.0,23.0,32.0,,0.9,282.0,,629.0,,,False
MIR,2024-03-16 18:00:00,18,16,3,0.028,,,,,0.145,43.0,5.0,23.0,30.0,,0.7,208.0,,629.0,,,False
MIR,2024-03-16 19:00:00,19,16,3,,,,,,,,,,,,,,,,,,False
MIR,2024-03-16 20:00:00,20,16,3,,,,,,,,,,,,,,,,,,False
MIR,2024-03-16 21:00:00,21,16,3,,,,,,,,,,,,,,,,,,False
MIR,2024-03-16 22:00:00,22,16,3,,,,,,,,,,,,,,,,,,False
MIR,2024-03-16 23:00:00,23,16,3,,,,,,,,,,,,,,,,,,False
MIR,2024-03-17 00:00:00,0,17,3,,,,,,,,,,,,,,,,,,False
MIR,2024-03-17 01:00:00,1,17,3,,,,,,,,,,,,,,,,,,False
MIR,2024-03-17 02:00:00,2,17,3,,,,,,,,,,,,,,,,,,False
MIR,2024-03-17 03:00:00,3,17,3,,,,,,,,,,,,,,,,,,False
MIR,2024-03-17 04:00:00,4,17,3,,,,,,,,,,,,,,,,,,False
MIR,2024-03-17 05:00:00,5,17,3,,,,,,,,,,,,,,,,,,False
MIR,2024-03-17 06:00:00,6,17,3,,,,,,,,,,,,,,,,,,False
MIR,2024-03-17 07:00:00,7,17,3,,,,,,,,,,,,,,,,,,False
MIR,2024-03-17 08:00:00,8,17,3,,,,,,,,,,,,,,,,,,False
MIR,2024-03-17 09:00:00,9,17,3,,,,,,,,,,,,,,,,,,False
MIR,2024-03-17 10:00:00,10,17,3,,,,,,,,,,,,,,,,,,False
MIR,2024-03-17 11:00:00,11,17,3,,,,,,,,,,,,,,,,,,False
MIR,2024-03-17 12:00:00,12,17,3,,,,,,,,,,,,,,,,,,False
MIR,2024-03-17 13:00:00,13,17,3,,,,,,,,,,,,,,,,,,False
MIR,2024-03-17 14:00:00,14,17,3,,,,,,,,,,,,,,,,,,False
MIR,2024-03-17 15:00:00,15,17,3,,,,,,,,,,,,,,,,,,False
MIR,2024-03-17 16:00:00,16,17,3,,,,,,,,,,,,,,,,,,False
MIR,2024-03-17 17:00:00,17,17,3,,,,,,,,,,,,,,,,,,False
MIR,2024-03-17 18:00:00,18,17,3,,,,,,,,,,,,,,,,,,False
MIR,2024-03-17 19:00:00,19,17,3,,,,,,,,,,,,,,,,,,False
MIR,2024-03-17 20:00:00,20,17,3,,,,,,,,,,,,,,,,,,False
MIR,2024-03-17 21:00:00,21,17,3,,,,,,,,,,,,,,,,,,False
MIR,2024-03-17 22:00:00,22,17,3,,,,,,,,,,,,,,,,,,False
MIR,2024-03-17 23:00:00,23,17,3,,,,,,,,,,,,,,,,,,False
MIR,2024-03-18 00:00:00,0,18,3,,,,,,,,,,,,,,,,,,False
MIR,2024-03-18 01:00:00,1,18,3,,,,,,,,,,,,,,,,,,False
MIR,2024-03-18 02:00:00,2,18,3,,,,,,,,,,,,,,,,,,False
MIR,2024-03-18 03:00:00,3,18,3,,,,,,,,,,,,,,,,,,False
MIR,2024-03-18 04:00:00,4,18,3,,,,,,,,,,,,,,,,,,False
MIR,2024-03-18 05:00:00,5,18,3,,,,,,,,,,,,,,,,,,False
MIR,2024-03-18 06:00:00,6,18,3,,,,,,,,,,,,,,,,,,False
MIR,2024-03-18 07:00:00,7,18,3,,,,,,,,,,,,,,,,,,False
MIR,2024-03-18 08:00:00,8,18,3,,,,,,,,,,,,,,,,,,False
MIR,2024-03-18 09:00:00,9,18,3,0.024,,,,,0.306,,,22.0,21.0,,0.7,51.0,,632.0,,,False
MIR,2024-03-18 10:00:00,10,18,3,0.036,,,,,0.178,92.0,35.0,21.0,26.0,,0.5,219.0,,632.0,,,False
MIR,2024-03-18 11:00:00,11,18,3,0.04,,,,,,55.0,18.0,20.0,29.0,,0.5,215.0,,632.0,,,False
MIR,2024-03-18 12:00:00,12,18,3,0.04,,,,,0.063,24.0,7.0,21.0,31.0,,1.0,212.0,,632.0,,,False
MIR,2024-03-18 13:00:00,13,18,3,0.043,,,,,0.042,28.0,4.0,21.0,32.0,,0.6,211.0,,631.0,,,False
MIR,2024-03-18 14:00:00,14,18,3,0.041,,,,,0.103,19.0,2.0,21.0,33.0,,0.9,211.0,,630.0,,,False
MIR,2024-03-18 15:00:00,15,18,3,0.042,,,,,0.142,27.0,4.0,21.0,34.0,,0.9,210.0,,630.0,,,False
MIR,2024-03-18 16:00:00,16,18,3,0.04,,,,,0.359,22.0,5.0,21.0,33.0,,0.9,211.0,,630.0,,,False
MIR,2024-03-18 17:00:00,17,18,3,0.04,,,,,0.212,25.0,4.0,21.0,33.0,,0.6,210.0,,630.0,,,False
MIR,2024-03-18 18:00:00,18,18,3,0.036,,,,,0.145,21.0,1.0,21.0,30.0,,0.7,210.0,,630.0,,,False
MIR,2024-03-18 19:00:00,19,18,3,0.027,,,,,0.335,25.0,2.0,21.0,27.0,,0.6,218.0,,631.0,,,False
MIR,2024-03-18 20:00:00,20,18,3,0.02,,,,,0.437,22.0,4.0,21.0,25.0,,0.4,219.0,,632.0,,,False
MIR,2024-03-18 21:00:00,21,18,3,0.017,,,,,0.5,27.0,5.0,21.0,24.0,,,221.0,,632.0,,,False
MIR,2024-03-18 22:00:00,22,18,3,0.011,,,,,0.518,31.0,8.0,22.0,22.0,,,221.0,,633.0,,,False
MIR,2024-03-18 23:00:00,23,18,3,0.003,,,,,0.644,43.0,11.0,21.0,22.0,,,225.0,,633.0,,,False
MIR,2024-03-19 00:00:00,0,19,3,0.023,,,,,0.097,37.0,17.0,21.0,22.0,,,217.0,,632.0,,,False
MIR,2024-03-19 01:00:00,1,19,3,0.019,,,,,0.07,19.0,8.0,21.0,21.0,,0.4,225.0,,632.0,,,False
MIR,2024-03-19 02:00:00,2,19,3,0.011,,,,,0.357,25.0,11.0,21.0,20.0,,0.4,221.0,,632.0,,,False
MIR,2024-03-19 03:00:00,3,19,3,0.004,,,,,0.383,27.0,10.0,21.0,19.0,,,228.0,,632.0,,,False
MIR,2024-03-19 04:00:00,4,19,3,0.008,,,,,0.26,42.0,11.0,21.0,18.0,,,227.0,,632.0,,,False
MIR,2024-03-19 05:00:00,5,19,3,0.002,,,,,0.33,25.0,14.0,22.0,17.0,,,209.0,,632.0,,,False
MIR,2024-03-19 06:00:00,6,19,3,0.001,,,,,1.196,28.0,16.0,21.0,17.0,,,226.0,,633.0,,,False
MIR,2024-03-19 07:00:00,7,19,3,0.001,,,,,1.702,166.0,54.0,21.0,18.0,,,237.0,,633.0,,,False
MIR,2024-03-19 08:00:00,8,19,3,0.004,,,,,0.812,184.0,63.0,21.0,20.0,,,217.0,,633.0,,,False
MIR,2024-03-19 09:00:00,9,19,3,0.016,,,,,0.573,175.0,58.0,21.0,24.0,,0.6,220.0,,633.0,,,False
MIR,2024-03-19 10:00:00,10,19,3,0.035,,,,,,197.0,63.0,21.0,28.0,,0.5,219.0,,633.0,,,False
MIR,2024-03-19 11:00:00,11,19,3,0.042,,,,,,83.0,24.0,21.0,31.0,,0.5,213.0,,633.0,,,False
MIR,2024-03-19 12:00:00,12,19,3,0.051,,,,,0.016,58.0,14.0,21.0,33.0,,0.8,211.0,,632.0,,,False
MIR,2024-03-19 13:00:00,13,19,3,0.043,,,,,,33.0,8.0,21.0,33.0,,0.9,211.0,,632.0,,,False
MIR,2024-03-19 14:00:00,14,19,3,0.047,,,,,0.102,22.0,6.0,21.0,34.0,,0.8,207.0,,631.0,,,False
MIR,2024-03-19 15:00:00,15,19,3,0.043,,,,,0.139,31.0,4.0,21.0,35.0,,0.7,206.0,,630.0,,,False
MIR,2024-03-19 16:00:00,16,19,3,0.039,,,,,0.186,25.0,3.0,21.0,34.0,,0.8,195.0,,630.0,,,False
MIR,2024-03-19 17:00:00,17,19,3,0.039,,,,,0.197,55.0,4.0,21.0,32.0,,0.9,211.0,,630.0,,,False
MIR,2024-03-19 18:00:00,18,19,3,0.033,,,,,0.254,43.0,2.0,21.0,30.0,,0.6,214.0,,631.0,,,False
MIR,2024-03-19 19:00:00,19,19,3,0.028,,,,,0.389,31.0,4.0,21.0,28.0,,0.8,32.0,,631.0,,,False
MIR,2024-03-19 20:00:00,20,19,3,0.025,,,,,0.223,30.0,8.0,22.0,26.0,,0.8,28.0,,632.0,,,False
MIR,2024-03-19 21:00:00,21,19,3,0.029,,,,,0.148,26.0,9.0,21.0,26.0,,0.7,45.0,,632.0,,,False
MIR,2024-03-19 22:00:00,22,19,3,0.026,,,,,0.194,28.0,6.0,21.0,24.0,,0.8,44.0,,633.0,,,False
MIR,2024-03-19 23:00:00,23,19,3,0.03,,,,,0.105,19.0,6.0,21.0,24.0,,0.8,43.0,,633.0,,,False
MIR,2024-03-20 00:00:00,0,20,3,0.031,,,,,0.103,15.0,6.0,21.0,23.0,,0.6,32.0,,633.0,,,False
MIR,2024-03-20 01:00:00,1,20,3,0.031,,,,,0.11,12.0,3.0,21.0,23.0,,0.6,35.0,,633.0,,,False
MIR,2024-03-20 02:00:00,2,20,3,0.015,,,,,0.179,10.0,3.0,21.0,21.0,,0.5,45.0,,633.0,,,False
MIR,2024-03-20 03:00:00,3,20,3,0.002,,,,,0.29,34.0,9.0,21.0,20.0,,0.4,50.0,,633.0,,,False
MIR,2024-03-20 04:00:00,4,20,3,0.003,,,,,0.222,,16.0,21.0,19.0,,0.5,33.0,,633.0,,,False
MIR,2024-03-20 05:00:00,5,20,3,0.002,,,,,0.392,39.0,15.0,21.0,19.0,,0.5,41.0,,633.0,,,False
MIR,2024-03-20 06:00:00,6,20,3,0.001,,,,,0.932,80.0,25.0,22.0,19.0,,0.5,59.0,,633.0,,,False
MIR,2024-03-20 07:00:00,7,20,3,0.0,,,,,2.194,70.0,22.0,21.0,18.0,,0.4,57.0,,634.0,,,False
MIR,2024-03-20 08:00:00,8,20,3,0.004,,,,,0.836,124.0,37.0,21.0,22.0,,0.5,59.0,,634.0,,,False
MIR,2024-03-20 09:00:00,9,20,3,0.018,,,,,,195.0,58.0,21.0,26.0,,0.6,222.0,,634.0,,,False
MIR,2024-03-20 10:00:00,10,20,3,0.04,,,,,0.263,124.0,34.0,21.0,29.0,,0.5,284.0,,634.0,,,False
MIR,2024-03-20 11:00:00,11,20,3,0.046,,,,,0.119,43.0,11.0,21.0,30.0,,0.5,41.0,,634.0,,,False
MIR,2024-03-20 12:00:00,12,20,3,0.054,,,,,0.182,28.0,10.0,21.0,32.0,,0.5,211.0,,633.0,,,False
MIR,2024-03-20 13:00:00,13,20,3,0.057,,,,,0.175,20.0,7.0,21.0,33.0,,0.7,210.0,,632.0,,,False
MIR,2024-03-20 14:00:00,14,20,3,0.049,,,,,0.152,43.0,6.0,21.0,33.0,,0.7,211.0,,631.0,,,False
MIR,2024-03-20 15:00:00,15,20,3,0.046,,,,,0.158,31.0,5.0,21.0,34.0,,0.8,210.0,,631.0,,,False
MIR,2024-03-20 16:00:00,16,20,3,0.041,,,,,0.119,28.0,4.0,21.0,33.0,,0.8,218.0,,631.0,,,False
MIR,2024-03-20 17:00:00,17,20,3,0.039,,,,,0.189,30.0,5.0,21.0,32.0,,0.8,204.0,,631.0,,,False
MIR,2024-03-20 18:00:00,18,20,3,0.031,,,,,0.247,30.0,5.0,21.0,30.0,,0.6,208.0,,631.0,,,False
MIR,2024-03-20 19:00:00,19,20,3,0.023,,,,,0.285,41.0,6.0,21.0,27.0,,0.6,220.0,,632.0,,,False
MIR,2024-03-20 20:00:00,20,20,3,0.022,,,,,0.216,29.0,6.0,21.0,25.0,,0.5,219.0,,632.0,,,False
MIR,2024-03-20 21:00:00,21,20,3,0.019,,,,,0.295,24.0,6.0,21.0,23.0,,0.8,224.0,,633.0,,,False
MIR,2024-03-20 22:00:00,22,20,3,0.022,,,,,0.147,23.0,8.0,22.0,23.0,,0.4,206.0,,633.0,,,False
MIR,2024-03-20 23:00:00,23,20,3,0.019,,,,,0.138,26.0,6.0,22.0,22.0,,0.4,226.0,,634.0,,,False
MIR,2024-03-21 00:00:00,0,21,3,0.014,,,,,0.257,23.0,6.0,21.0,21.0,,0.6,222.0,,634.0,,,False
MIR,2024-03-21 01:00:00,1,21,3,0.004,,,,,0.33,37.0,17.0,21.0,20.0,,0.5,225.0,,633.0,,,False
MIR,2024-03-21 02:00:00,2,21,3,0.008,,,,,0.194,62.0,24.0,21.0,19.0,,0.5,224.0,,633.0,,,False
MIR,2024-03-21 03:00:00,3,21,3,0.001,,,,,0.226,41.0,17.0,21.0,18.0,,0.4,223.0,,633.0,,,False
MIR,2024-03-21 04:00:00,4,21,3,0.003,,,,,0.31,49.0,22.0,21.0,17.0,,0.5,227.0,,633.0,,,False
MIR,2024-03-21 05:00:00,5,21,3,0.001,,,,,0.636,38.0,18.0,21.0,17.0,,0.5,226.0,,633.0,,,False
MIR,2024-03-21 06:00:00,6,21,3,0.0,,,,,0.573,99.0,42.0,21.0,16.0,,0.6,234.0,,633.0,,,False
MIR,2024-03-21 07:00:00,7,21,3,0.001,,,,,0.969,112.0,45.0,22.0,17.0,,0.6,235.0,,633.0,,,False
MIR,2024-03-21 08:00:00,8,21,3,0.006,,,,,0.847,157.0,47.0,21.0,20.0,,0.4,216.0,,634.0,,,False
MIR,2024-03-21 09:00:00,9,21,3,0.025,,,,,0.118,194.0,60.0,21.0,24.0,,0.5,40.0,,634.0,,,False
MIR,2024-03-21 10:00:00,10,21,3,0.038,,,,,0.328,102.0,34.0,21.0,26.0,,0.9,31.0,,633.0,,,False
MIR,2024-03-21 11:00:00,11,21,3,0.039,,,,,0.144,64.0,23.0,21.0,28.0,,0.9,216.0,,633.0,,,False
MIR,2024-03-21 12:00:00,12,21,3,0.038,,,,,0.381,44.0,11.0,21.0,30.0,,0.9,214.0,,632.0,,,False
MIR,2024-03-21 13:00:00,13,21,3,0.037,,,,,0.401,59.0,10.0,21.0,31.0,,1.2,212.0,,632.0,,,False
MIR,2024-03-21 14:00:00,14,21,3,0.04,,,,,0.399,58.0,9.0,21.0,32.0,,0.8,212.0,,631.0,,,False
MIR,2024-03-21 15:00:00,15,21,3,0.041,,,,,0.393,60.0,14.0,21.0,32.0,,0.8,211.0,,630.0,,,False
MIR,2024-03-21 16:00:00,16,21,3,0.035,,,,,0.386,37.0,11.0,21.0,32.0,,0.7,212.0,,630.0,,,False
MIR,2024-03-21 17:00:00,17,21,3,0.033,,,,,0.48,66.0,10.0,21.0,31.0,,0.6,214.0,,630.0,,,False
MIR,2024-03-21 18:00:00,18,21,3,0.033,,,,,0.442,64.0,8.0,21.0,28.0,,0.7,343.0,,631.0,,,False
MIR,2024-03-21 19:00:00,19,21,3,0.026,,,,,0.533,76.0,9.0,21.0,25.0,,0.7,22.0,,632.0,,,False
MIR,2024-03-21 20:00:00,20,21,3,0.023,,,,,0.446,42.0,6.0,21.0,23.0,,0.6,252.0,,632.0,,,False
MIR,2024-03-21 21:00:00,21,21,3,0.018,,,,,0.409,29.0,2.0,21.0,22.0,,0.6,341.0,,633.0,,,False
MIR,2024-03-21 22:00:00,22,21,3,0.014,,,,,0.413,20.0,3.0,21.0,20.0,,0.5,56.0,,634.0,,,False
MIR,2024-03-21 23:00:00,23,21,3,0.011,,,,,0.434,9.0,9.0,21.0,19.0,,0.5,45.0,,634.0,,,False
MIR,2024-03-22 00:00:00,0,22,3,0.013,,,,,0.339,18.0,7.0,21.0,18.0,,0.5,35.0,,634.0,,,False
MIR,2024-03-22 01:00:00,1,22,3,0.012,,,,,0.341,14.0,4.0,21.0,17.0,,0.4,47.0,,634.0,,,False
MIR,2024-03-22 02:00:00,2,22,3,0.007,,,,,0.337,11.0,1.0,21.0,16.0,,0.4,48.0,,633.0,,,False
MIR,2024-03-22 03:00:00,3,22,3,0.001,,,,,0.514,26.0,4.0,21.0,15.0,,0.5,42.0,,633.0,,,False
MIR,2024-03-22 04:00:00,4,22,3,0.001,,,,,0.605,61.0,20.0,21.0,14.0,,0.5,47.0,,633.0,,,False
MIR,2024-03-22 05:00:00,5,22,3,0.001,,,,,1.094,64.0,27.0,21.0,14.0,,0.6,53.0,,633.0,,,False
MIR,2024-03-22 06:00:00,6,22,3,0.0,,,,,1.38,151.0,78.0,21.0,13.0,,0.6,49.0,,633.0,,,False
MIR,2024-03-22 07:00:00,7,22,3,0.001,,,,,1.463,155.0,70.0,21.0,13.0,,0.5,59.0,,633.0,,,False
MIR,2024-03-22 08:00:00,8,22,3,0.004,,,,,0.731,172.0,88.0,21.0,17.0,,0.5,311.0,,633.0,,,False
MIR,2024-03-22 09:00:00,9,22,3,0.012,,,,,0.394,120.0,47.0,21.0,21.0,,0.5,229.0,,633.0,,,False
MIR,2024-03-22 10:00:00,10,22,3,0.024,,,,,0.308,103.0,34.0,21.0,24.0,,0.5,210.0,,633.0,,,False
MIR,2024-03-22 11:00:00,11,22,3,0.043,,,,,0.089,54.0,16.0,21.0,28.0,,0.6,217.0,,633.0,,,False
MIR,2024-03-22 12:00:00,12,22,3,0.052,,,,,0.405,38.0,,21.0,30.0,,0.7,212.0,,632.0,,,False
MIR,2024-03-22 13:00:00,13,22,3,0.051,,,,,0.42,33.0,,21.0,31.0,,0.6,213.0,,631.0,,,False
MIR,2024-03-22 14:00:00,14,22,3,0.051,,,,,0.377,36.0,,21.0,32.0,,0.8,210.0,,630.0,,,False
MIR,2024-03-22 15:00:00,15,22,3,0.052,,,,,0.418,47.0,,21.0,33.0,,1.0,211.0,,630.0,,,False
MIR,2024-03-22 16:00:00,16,22,3,0.053,,,,,0.416,35.0,3.0,21.0,33.0,,0.8,206.0,,630.0,,,False
MIR,2024-03-22 17:00:00,17,22,3,0.049,,,,,0.476,24.0,5.0,21.0,33.0,,0.7,210.0,,630.0,,,False
MIR,2024-03-22 18:00:00,18,22,3,0.043,,,,,0.473,28.0,5.0,21.0,30.0,,0.7,214.0,,630.0,,,False
MIR,2024-03-22 19:00:00,19,22,3,0.043,,,,,0.522,40.0,8.0,21.0,27.0,,0.6,216.0,,631.0,,,False
MIR,2024-03-22 20:00:00,20,22,3,0.024,,,,,0.848,28.0,9.0,21.0,24.0,,0.4,219.0,,631.0,,,False
MIR,2024-03-22 21:00:00,21,22,3,0.004,,,,,1.395,27.0,9.0,21.0,22.0,,0.5,223.0,,632.0,,,False
MIR,2024-03-22 22:00:00,22,22,3,0.0,,,,,1.576,63.0,20.0,22.0,19.0,,0.4,228.0,,632.0,,,False
MIR,2024-03-22 23:00:00,23,22,3,0.0,,,,,1.301,98.0,33.0,21.0,18.0,,0.4,203.0,,632.0,,,False
MIR,2024-03-23 00:00:00,0,23,3,0.001,,,,,0.837,56.0,28.0,21.0,17.0,,0.5,227.0,,632.0,,,False
MIR,2024-03-23 01:00:00,1,23,3,0.004,,,,,0.568,71.0,26.0,21.0,16.0,,0.4,220.0,,632.0,,,False
MIR,2024-03-23 02:00:00,2,23,3,0.005,,,,,0.729,39.0,23.0,21.0,15.0,,0.5,226.0,,632.0,,,False
MIR,2024-03-23 03:00:00,3,23,3,0.001,,,,,1.356,63.0,18.0,21.0,14.0,,0.6,209.0,,631.0,,,False
MIR,2024-03-23 04:00:00,4,23,3,0.0,,,,,0.753,174.0,84.0,21.0,13.0,,0.5,219.0,,631.0,,,False
MIR,2024-03-23 05:00:00,5,23,3,0.001,,,,,0.508,137.0,62.0,22.0,12.0,,0.5,233.0,,632.0,,,False
MIR,2024-03-23 06:00:00,6,23,3,0.0,,,,,0.988,66.0,33.0,21.0,11.0,,0.4,250.0,,632.0,,,False
MIR,2024-03-23 07:00:00,7,23,3,0.001,,,,,1.916,71.0,31.0,21.0,12.0,,0.5,221.0,,632.0,,,False
MIR,2024-03-23 08:00:00,8,23,3,0.006,,,,,1.308,111.0,36.0,21.0,16.0,,0.6,222.0,,633.0,,,False
MIR,2024-03-23 09:00:00,9,23,3,0.025,,,,,0.388,231.0,114.0,21.0,21.0,,0.5,226.0,,633.0,,,False
MIR,2024-03-23 10:00:00,10,23,3,0.05,,,,,0.463,155.0,73.0,21.0,25.0,,0.5,219.0,,633.0,,,False
MIR,2024-03-23 11:00:00,11,23,3,0.057,,,,,0.291,83.0,41.0,21.0,29.0,,0.5,215.0,,633.0,,,False
MIR,2024-03-23 12:00:00,12,23,3,0.076,,,,,0.379,92.0,40.0,21.0,31.0,,1.0,213.0,,632.0,,,False
MIR,2024-03-23 13:00:00,13,23,3,0.072,,,,,0.277,52.0,15.0,21.0,33.0,,0.7,210.0,,631.0,,,False
MIR,2024-03-23 14:00:00,14,23,3,0.07,,,,,0.4,25.0,7.0,21.0,34.0,,0.6,210.0,,630.0,,,False
MIR,2024-03-23 15:00:00,15,23,3,0.067,,,,,0.39,23.0,5.0,21.0,34.0,,0.9,209.0,,630.0,,,False
MIR,2024-03-23 16:00:00,16,23,3,0.066,,,,,0.441,28.0,6.0,21.0,34.0,,1.0,30.0,,629.0,,,False
MIR,2024-03-23 17:00:00,17,23,3,0.066,,,,,0.451,27.0,13.0,21.0,33.0,,0.7,217.0,,629.0,,,False
MIR,2024-03-23 18:00:00,18,23,3,0.062,,,,,0.461,27.0,8.0,21.0,31.0,,0.6,212.0,,629.0,,,False
MIR,2024-03-23 19:00:00,19,23,3,0.05,,,,,0.573,34.0,7.0,21.0,28.0,,1.1,215.0,,630.0,,,False
MIR,2024-03-23 20:00:00,20,23,3,0.049,,,,,0.519,50.0,15.0,21.0,26.0,,1.0,54.0,,631.0,,,False
MIR,2024-03-23 21:00:00,21,23,3,0.046,,,,,0.542,56.0,19.0,21.0,24.0,,0.9,37.0,,632.0,,,False
MIR,2024-03-23 22:00:00,22,23,3,0.046,,,,,0.503,56.0,19.0,22.0,22.0,,0.7,50.0,,632.0,,,False
MIR,2024-03-23 23:00:00,23,23,3,0.052,,,,,0.417,49.0,23.0,21.0,21.0,,0.9,284.0,,632.0,,,False
MIR,2024-03-24 00:00:00,0,24,3,0.056,,,,,0.384,30.0,12.0,22.0,20.0,,0.8,227.0,,631.0,,,False
MIR,2024-03-24 01:00:00,1,24,3,0.058,,,,,0.345,32.0,12.0,21.0,20.0,,0.8,215.0,,631.0,,,False
MIR,2024-03-24 02:00:00,2,24,3,0.058,,,,,0.389,17.0,11.0,22.0,19.0,,0.7,230.0,,631.0,,,False
MIR,2024-03-24 03:00:00,3,24,3,0.051,,,,,0.424,16.0,8.0,22.0,17.0,,0.6,210.0,,631.0,,,False
MIR,2024-03-24 04:00:00,4,24,3,0.047,,,,,0.417,16.0,8.0,22.0,15.0,,0.5,222.0,,631.0,,,False
MIR,2024-03-24 05:00:00,5,24,3,0.023,,,,,0.56,16.0,13.0,21.0,13.0,,0.4,220.0,,631.0,,,False
MIR,2024-03-24 06:00:00,6,24,3,0.003,,,,,1.009,23.0,14.0,21.0,11.0,,0.4,247.0,,631.0,,,False
MIR,2024-03-24 07:00:00,7,24,3,0.004,,,,,1.128,51.0,28.0,21.0,12.0,,0.6,217.0,,631.0,,,False
MIR,2024-03-24 08:00:00,8,24,3,0.021,,,,,0.717,106.0,45.0,21.0,16.0,,0.6,226.0,,632.0,,,False
MIR,2024-03-24 09:00:00,9,24,3,0.038,,,,,0.418,100.0,46.0,21.0,20.0,,0.5,239.0,,632.0,,,False
MIR,2024-03-24 10:00:00,10,24,3,0.061,,,,,0.257,89.0,36.0,21.0,24.0,,0.7,216.0,,632.0,,,False
MIR,2024-03-24 11:00:00,11,24,3,0.064,,,,,0.1,34.0,10.0,21.0,26.0,,0.8,219.0,,631.0,,,False
MIR,2024-03-24 12:00:00,12,24,3,0.064,,,,,0.42,42.0,6.0,27.0,28.0,,1.0,220.0,,630.0,,,False
MIR,2024-03-24 13:00:00,13,24,3,0.061,,,,,0.456,,,,30.0,,1.0,215.0,,630.0,,,False
MIR,2024-03-24 14:00:00,14,24,3,0.06,,,,,0.447,,,,30.0,,0.8,213.0,,629.0,,,False
MIR,2024-03-24 15:00:00,15,24,3,0.059,,,,,0.646,,,,31.0,,1.0,69.0,,628.0,,,False
MIR,2024-03-24 16:00:00,16,24,3,0.057,,,,,0.715,,,,31.0,,0.6,27.0,,628.0,,,False
MIR,2024-03-24 17:00:00,17,24,3,0.052,,,,,1.253,,,,29.0,,0.7,33.0,,628.0,,,False
MIR,2024-03-24 18:00:00,18,24,3,0.069,,,,,0.027,,,25.0,26.0,,0.8,62.0,,629.0,,,False
MIR,2024-03-24 19:00:00,19,24,3,0.047,,,,,0.317,146.0,7.0,21.0,23.0,,0.6,27.0,,629.0,,,False
MIR,2024-03-24 20:00:00,20,24,3,0.034,,,,,0.569,35.0,25.0,21.0,21.0,,0.5,55.0,,630.0,,,False
MIR,2024-03-24 21:00:00,21,24,3,0.036,,,,,0.557,26.0,14.0,21.0,19.0,,0.7,44.0,,631.0,,,False
MIR,2024-03-24 22:00:00,22,24,3,0.036,,,,,0.518,26.0,12.0,22.0,18.0,,0.5,68.0,,631.0,,,False
MIR,2024-03-24 23:00:00,23,24,3,0.033,,,,,0.544,27.0,15.0,21.0,17.0,,0.4,43.0,,631.0,,,False
MIR,2024-03-25 00:00:00,0,25,3,0.026,,,,,0.539,27.0,10.0,21.0,15.0,,0.5,49.0,,631.0,,,False
MIR,2024-03-25 01:00:00,1,25,3,0.035,,,,,0.379,26.0,15.0,21.0,15.0,,0.7,46.0,,630.0,,,False
MIR,2024-03-25 02:00:00,2,25,3,0.044,,,,,0.418,26.0,8.0,21.0,15.0,,0.7,47.0,,629.0,,,False
MIR,2024-03-25 03:00:00,3,25,3,0.031,,,,,0.497,16.0,11.0,21.0,15.0,,0.6,62.0,,629.0,,,False
MIR,2024-03-25 04:00:00,4,25,3,0.008,,,,,0.566,38.0,22.0,21.0,12.0,,0.4,41.0,,629.0,,,False
MIR,2024-03-25 05:00:00,5,25,3,0.005,,,,,0.703,62.0,42.0,21.0,11.0,,0.4,50.0,,629.0,,,False
MIR,2024-03-25 06:00:00,6,25,3,0.008,,,,,0.816,59.0,41.0,21.0,12.0,,0.7,46.0,,629.0,,,False
MIR,2024-03-25 07:00:00,7,25,3,0.029,,,,,0.517,45.0,18.0,21.0,14.0,,0.6,55.0,,630.0,,,False
MIR,2024-03-25 08:00:00,8,25,3,0.048,,,,,0.288,50.0,12.0,21.0,17.0,,0.6,22.0,,630.0,,,False
MIR,2024-03-25 09:00:00,9,25,3,0.051,,,,,0.226,31.0,13.0,21.0,19.0,,0.9,57.0,,631.0,,,False
MIR,2024-03-25 10:00:00,10,25,3,0.056,,,,,0.409,32.0,10.0,21.0,21.0,,0.6,228.0,,631.0,,,False
MIR,2024-03-25 11:00:00,11,25,3,0.056,,,,,0.369,38.0,10.0,21.0,24.0,,0.7,224.0,,630.0,,,False
MIR,2024-03-25 12:00:00,12,25,3,0.06,,,,,0.429,61.0,10.0,21.0,26.0,,0.8,218.0,,630.0,,,False
MIR,2024-03-25 13:00:00,13,25,3,0.062,,,,,0.445,49.0,10.0,21.0,28.0,,0.6,216.0,,629.0,,,False
MIR,2024-03-25 14:00:00,14,25,3,0.065,,,,,0.429,68.0,9.0,21.0,29.0,,0.9,221.0,,629.0,,,False
MIR,2024-03-25 15:00:00,15,25,3,0.064,,,,,0.469,42.0,11.0,21.0,29.0,,0.6,165.0,,628.0,,,False
MIR,2024-03-25 16:00:00,16,25,3,0.061,,,,,0.525,43.0,10.0,21.0,29.0,,1.0,52.0,,628.0,,,False
MIR,2024-03-25 17:00:00,17,25,3,0.059,,,,,0.503,60.0,9.0,21.0,28.0,,0.9,209.0,,629.0,,,False
MIR,2024-03-25 18:00:00,18,25,3,0.047,,,,,0.406,54.0,12.0,21.0,25.0,,0.6,58.0,,629.0,,,False
MIR,2024-03-25 19:00:00,19,25,3,0.041,,,,,0.523,36.0,11.0,21.0,22.0,,0.8,27.0,,630.0,,,False
MIR,2024-03-25 20:00:00,20,25,3,0.036,,,,,0.567,28.0,8.0,21.0,19.0,,0.6,36.0,,630.0,,,False
MIR,2024-03-25 21:00:00,21,25,3,0.024,,,,,0.659,25.0,7.0,21.0,17.0,,0.5,59.0,,631.0,,,False
MIR,2024-03-25 22:00:00,22,25,3,0.012,,,,,0.761,35.0,15.0,21.0,16.0,,0.4,62.0,,631.0,,,False
MIR,2024-03-25 23:00:00,23,25,3,0.005,,,,,0.99,34.0,10.0,21.0,14.0,,0.6,60.0,,631.0,,,False
MIR,2024-03-26 00:00:00,0,26,3,0.0,,,,,0.827,48.0,15.0,21.0,14.0,,0.5,57.0,,631.0,,,False
MIR,2024-03-26 01:00:00,1,26,3,0.01,,,,,0.419,134.0,44.0,21.0,12.0,,0.4,66.0,,631.0,,,False
MIR,2024-03-26 02:00:00,2,26,3,0.006,,,,,0.707,39.0,18.0,21.0,12.0,,0.5,54.0,,631.0,,,False
MIR,2024-03-26 03:00:00,3,26,3,0.007,,,,,0.656,88.0,39.0,21.0,12.0,,0.6,42.0,,630.0,,,False
MIR,2024-03-26 04:00:00,4,26,3,0.004,,,,,0.693,92.0,38.0,21.0,11.0,,0.5,63.0,,630.0,,,False
MIR,2024-03-26 05:00:00,5,26,3,0.0,,,,,1.039,92.0,53.0,21.0,9.0,,0.5,62.0,,631.0,,,False
MIR,2024-03-26 06:00:00,6,26,3,0.0,,,,,1.208,131.0,64.0,21.0,9.0,,0.4,58.0,,631.0,,,False
MIR,2024-03-26 07:00:00,7,26,3,0.001,,,,,2.094,82.0,33.0,21.0,10.0,,0.5,45.0,,632.0,,,False
MIR,2024-03-26 08:00:00,8,26,3,0.006,,,,,0.729,247.0,94.0,21.0,15.0,,0.7,41.0,,632.0,,,False
MIR,2024-03-26 09:00:00,9,26,3,0.024,,,,,0.237,153.0,61.0,21.0,18.0,,0.6,36.0,,632.0,,,False
MIR,2024-03-26 10:00:00,10,26,3,0.043,,,,,0.444,139.0,59.0,21.0,22.0,,0.8,43.0,,632.0,,,False
MIR,2024-03-26 11:00:00,11,26,3,0.061,,,,,0.191,99.0,30.0,21.0,25.0,,0.7,59.0,,631.0,,,False
MIR,2024-03-26 12:00:00,12,26,3,0.065,,,,,0.288,53.0,16.0,21.0,28.0,,1.1,215.0,,631.0,,,False
MIR,2024-03-26 13:00:00,13,26,3,0.066,,,,,0.314,55.0,9.0,21.0,29.0,,1.1,215.0,,630.0,,,False
MIR,2024-03-26 14:00:00,14,26,3,0.063,,,,,0.385,44.0,12.0,21.0,31.0,,0.8,212.0,,630.0,,,False
MIR,2024-03-26 15:00:00,15,26,3,0.059,,,,,0.37,109.0,8.0,21.0,31.0,,0.7,210.0,,629.0,,,False
MIR,2024-03-26 16:00:00,16,26,3,0.06,,,,,0.356,39.0,9.0,21.0,31.0,,0.9,29.0,,629.0,,,False
MIR,2024-03-26 17:00:00,17,26,3,0.062,,,,,0.395,38.0,13.0,21.0,30.0,,0.6,50.0,,629.0,,,False
MIR,2024-03-26 18:00:00,18,26,3,0.052,,,,,0.534,40.0,13.0,21.0,28.0,,0.9,2.0,,629.0,,,False
MIR,2024-03-26 19:00:00,19,26,3,0.043,,,,,0.598,42.0,14.0,21.0,24.0,,0.7,36.0,,630.0,,,False
MIR,2024-03-26 20:00:00,20,26,3,0.035,,,,,0.525,32.0,14.0,21.0,22.0,,,62.0,,630.0,,,False
MIR,2024-03-26 21:00:00,21,26,3,0.021,,,,,0.7,24.0,11.0,21.0,20.0,,,38.0,,631.0,,,False
MIR,2024-03-26 22:00:00,22,26,3,0.033,,,,,0.431,33.0,15.0,21.0,19.0,,,64.0,,631.0,,,False
MIR,2024-03-26 23:00:00,23,26,3,0.026,,,,,0.417,31.0,11.0,21.0,18.0,,,37.0,,631.0,,,False
MIR,2024-03-27 00:00:00,0,27,3,0.014,,,,,0.529,40.0,19.0,21.0,16.0,,0.6,57.0,,631.0,,,False
MIR,2024-03-27 01:00:00,1,27,3,0.005,,,,,0.658,48.0,24.0,21.0,15.0,,0.5,61.0,,631.0,,,False
MIR,2024-03-27 02:00:00,2,27,3,0.005,,,,,0.609,100.0,39.0,21.0,13.0,,0.4,46.0,,631.0,,,False
MIR,2024-03-27 03:00:00,3,27,3,0.003,,,,,0.671,106.0,40.0,21.0,12.0,,0.4,69.0,,631.0,,,False
MIR,2024-03-27 04:00:00,4,27,3,0.0,,,,,0.741,57.0,33.0,21.0,11.0,,0.5,49.0,,631.0,,,False
MIR,2024-03-27 05:00:00,5,27,3,0.001,,,,,1.083,84.0,37.0,21.0,11.0,,0.5,59.0,,632.0,,,False
MIR,2024-03-27 06:00:00,6,27,3,0.0,,,,,1.345,134.0,80.0,21.0,10.0,,0.5,58.0,,632.0,,,False
MIR,2024-03-27 07:00:00,7,27,3,0.001,,,,,2.445,90.0,47.0,21.0,11.0,,0.6,53.0,,632.0,,,False
MIR,2024-03-27 08:00:00,8,27,3,0.006,,,,,0.884,297.0,109.0,21.0,16.0,,0.5,66.0,,632.0,,,False
MIR,2024-03-27 09:00:00,9,27,3,0.021,,,,,0.196,200.0,85.0,21.0,21.0,,0.6,49.0,,633.0,,,False
MIR,2024-03-27 10:00:00,10,27,3,0.049,,,,,0.718,158.0,55.0,21.0,24.0,,0.5,20.0,,633.0,,,False
MIR,2024-03-27 11:00:00,11,27,3,0.068,,,,,0.341,87.0,34.0,21.0,27.0,,0.6,135.0,,633.0,,,False
MIR,2024-03-27 12:00:00,12,27,3,0.074,,,,,0.507,42.0,13.0,22.0,29.0,,0.5,213.0,,632.0,,,False
MIR,2024-03-27 13:00:00,13,27,3,0.08,,,,,0.392,31.0,13.0,23.0,32.0,,0.6,211.0,,631.0,,,False
MIR,2024-03-27 14:00:00,14,27,3,0.091,,,,,0.492,29.0,12.0,23.0,33.0,,0.6,209.0,,631.0,,,False
MIR,2024-03-27 15:00:00,15,27,3,0.09,,,,,0.523,23.0,13.0,23.0,34.0,,0.6,211.0,,630.0,,,False
MIR,2024-03-27 16:00:00,16,27,3,0.088,,,,,0.393,32.0,15.0,23.0,34.0,,0.6,32.0,,630.0,,,False
MIR,2024-03-27 17:00:00,17,27,3,0.061,,,,,0.405,33.0,12.0,23.0,33.0,,0.7,55.0,,630.0,,,False
MIR,2024-03-27 18:00:00,18,27,3,0.044,,,,,0.547,26.0,17.0,23.0,31.0,,0.5,45.0,,630.0,,,False
MIR,2024-03-27 19:00:00,19,27,3,0.024,,,,,0.86,19.0,11.0,23.0,27.0,,0.5,27.0,,630.0,,,False
MIR,2024-03-27 20:00:00,20,27,3,0.001,,,,,1.772,32.0,20.0,23.0,23.0,,0.6,32.0,,631.0,,,False
MIR,2024-03-27 21:00:00,21,27,3,0.011,,,,,0.989,43.0,18.0,23.0,23.0,,0.5,54.0,,631.0,,,False
MIR,2024-03-27 22:00:00,22,27,3,0.001,,,,,1.287,59.0,13.0,23.0,21.0,,0.4,28.0,,632.0,,,False
MIR,2024-03-27 23:00:00,23,27,3,0.001,,,,,0.874,89.0,26.0,23.0,19.0,,0.5,45.0,,632.0,,,False
MIR,2024-03-28 00:00:00,0,28,3,0.025,,,,,0.534,141.0,38.0,23.0,19.0,,0.5,29.0,,632.0,,,False
MIR,2024-03-28 01:00:00,1,28,3,0.01,,,,,0.976,66.0,24.0,23.0,19.0,,0.5,38.0,,632.0,,,False
MIR,2024-03-28 02:00:00,2,28,3,0.001,,,,,0.811,88.0,30.0,23.0,16.0,,0.4,51.0,,632.0,,,False
MIR,2024-03-28 03:00:00,3,28,3,0.001,,,,,0.561,61.0,32.0,23.0,14.0,,0.5,62.0,,632.0,,,False
MIR,2024-03-28 04:00:00,4,28,3,0.0,,,,,0.795,82.0,35.0,23.0,14.0,,0.5,38.0,,632.0,,,False
MIR,2024-03-28 05:00:00,5,28,3,0.0,,,,,0.606,164.0,69.0,23.0,14.0,,0.4,58.0,,633.0,,,False
MIR,2024-03-28 06:00:00,6,28,3,0.0,,,,,0.953,103.0,41.0,23.0,13.0,,0.5,65.0,,633.0,,,False
MIR,2024-03-28 07:00:00,7,28,3,0.002,,,,,0.905,73.0,29.0,23.0,13.0,,0.5,66.0,,634.0,,,False
MIR,2024-03-28 08:00:00,8,28,3,0.021,,,,,0.339,90.0,26.0,23.0,17.0,,0.5,51.0,,634.0,,,False
MIR,2024-03-28 09:00:00,9,28,3,0.033,,,,,0.246,77.0,22.0,23.0,20.0,,0.7,38.0,,635.0,,,False
MIR,2024-03-28 10:00:00,10,28,3,0.048,,,,,0.516,72.0,19.0,23.0,23.0,,0.6,220.0,,634.0,,,False
MIR,2024-03-28 11:00:00,11,28,3,0.062,,,,,0.524,76.0,26.0,23.0,26.0,,0.5,218.0,,634.0,,,False
MIR,2024-03-28 12:00:00,12,28,3,0.074,,,,,0.484,73.0,23.0,23.0,29.0,,0.6,214.0,,633.0,,,False
MIR,2024-03-28 13:00:00,13,28,3,0.08,,,,,0.424,73.0,23.0,23.0,31.0,,0.5,213.0,,633.0,,,False
MIR,2024-03-28 14:00:00,14,28,3,0.088,,,,,0.437,55.0,23.0,23.0,33.0,,0.5,211.0,,632.0,,,False
MIR,2024-03-28 15:00:00,15,28,3,0.087,,,,,0.457,62.0,26.0,23.0,33.0,,0.6,206.0,,631.0,,,False
MIR,2024-03-28 16:00:00,16,28,3,0.086,,,,,0.473,55.0,26.0,23.0,33.0,,0.5,35.0,,631.0,,,False
MIR,2024-03-28 17:00:00,17,28,3,0.086,,,,,0.448,55.0,18.0,23.0,33.0,,0.5,210.0,,631.0,,,False
MIR,2024-03-28 18:00:00,18,28,3,0.072,,,,,0.478,50.0,,23.0,32.0,,0.5,212.0,,631.0,,,False
MIR,2024-03-28 19:00:00,19,28,3,0.047,,,,,0.692,46.0,,23.0,28.0,,0.9,36.0,,631.0,,,False
MIR,2024-03-28 20:00:00,20,28,3,0.052,,,,,0.452,67.0,,23.0,27.0,,0.5,31.0,,631.0,,,False
MIR,2024-03-28 21:00:00,21,28,3,0.05,,,,,0.437,77.0,,23.0,25.0,,0.6,47.0,,632.0,,,False
MIR,2024-03-28 22:00:00,22,28,3,0.051,,,,,0.452,95.0,,23.0,24.0,,0.8,24.0,,633.0,,,False
MIR,2024-03-28 23:00:00,23,28,3,0.053,,,,,0.435,66.0,,23.0,22.0,,0.9,237.0,,633.0,,,False
MIR,2024-03-29 00:00:00,0,29,3,0.053,,,,,0.343,46.0,,23.0,22.0,,0.8,219.0,,633.0,,,False
MIR,2024-03-29 01:00:00,1,29,3,0.052,,,,,0.364,36.0,,23.0,20.0,,0.6,220.0,,633.0,,,False
MIR,2024-03-29 02:00:00,2,29,3,0.042,,,,,0.382,34.0,,23.0,18.0,,0.4,226.0,,633.0,,,False
MIR,2024-03-29 03:00:00,3,29,3,0.027,,,,,0.522,30.0,,23.0,15.0,,0.5,237.0,,633.0,,,False
MIR,2024-03-29 04:00:00,4,29,3,0.015,,,,,0.492,49.0,,23.0,14.0,,0.5,220.0,,633.0,,,False
MIR,2024-03-29 05:00:00,5,29,3,0.011,,,,,0.491,66.0,,23.0,13.0,,0.5,229.0,,633.0,,,False
MIR,2024-03-29 06:00:00,6,29,3,0.003,,,,,1.068,69.0,,23.0,13.0,,0.5,228.0,,633.0,,,False
MIR,2024-03-29 07:00:00,7,29,3,0.002,,,,,1.502,153.0,,23.0,14.0,,0.7,236.0,,634.0,,,False
MIR,2024-03-29 08:00:00,8,29,3,0.018,,,,,0.452,167.0,,23.0,18.0,,0.5,223.0,,634.0,,,False
MIR,2024-03-29 09:00:00,9,29,3,0.04,,,,,0.252,131.0,,23.0,22.0,,0.5,219.0,,634.0,,,False
MIR,2024-03-29 10:00:00,10,29,3,0.052,,,,,0.412,72.0,,23.0,25.0,,0.5,219.0,,634.0,,,False
MIR,2024-03-29 11:00:00,11,29,3,0.067,,,,,0.29,62.0,,23.0,28.0,,0.8,218.0,,634.0,,,False
MIR,2024-03-29 12:00:00,12,29,3,0.076,,,,,0.414,46.0,,23.0,30.0,,0.6,215.0,,633.0,,,False
MIR,2024-03-29 13:00:00,13,29,3,0.076,,,,,0.386,51.0,,23.0,32.0,,0.5,210.0,,632.0,,,False
MIR,2024-03-29 14:00:00,14,29,3,0.067,,,,,0.369,47.0,,23.0,34.0,,0.9,210.0,,631.0,,,False
MIR,2024-03-29 15:00:00,15,29,3,0.056,,,,,0.33,30.0,,23.0,33.0,,0.9,204.0,,631.0,,,False
MIR,2024-03-29 16:00:00,16,29,3,0.051,,,,,0.316,34.0,,23.0,33.0,,0.7,24.0,,630.0,,,False
MIR,2024-03-29 17:00:00,17,29,3,0.047,,,,,0.246,33.0,,23.0,32.0,,0.9,39.0,,630.0,,,False
MIR,2024-03-29 18:00:00,18,29,3,0.047,,,,,0.419,38.0,,23.0,31.0,,0.7,61.0,,631.0,,,False
MIR,2024-03-29 19:00:00,19,29,3,0.043,,,,,0.534,28.0,,23.0,28.0,,0.9,22.0,,631.0,,,False
MIR,2024-03-29 20:00:00,20,29,3,0.042,,,,,0.466,35.0,,23.0,26.0,,0.7,42.0,,632.0,,,False
MIR,2024-03-29 21:00:00,21,29,3,0.04,,,,,0.499,50.0,,23.0,24.0,,0.8,60.0,,632.0,,,False
MIR,2024-03-29 22:00:00,22,29,3,0.033,,,,,0.505,42.0,,23.0,23.0,,0.6,42.0,,633.0,,,False
MIR,2024-03-29 23:00:00,23,29,3,0.021,,,,,0.628,40.0,,23.0,21.0,,,36.0,,634.0,,,False
MIR,2024-03-30 00:00:00,0,30,3,0.021,,,,,0.518,51.0,,23.0,20.0,,,48.0,,634.0,,,False
MIR,2024-03-30 01:00:00,1,30,3,0.024,,,,,0.471,59.0,,23.0,19.0,,,48.0,,633.0,,,False
MIR,2024-03-30 02:00:00,2,30,3,0.023,,,,,0.521,61.0,,23.0,18.0,,,61.0,,633.0,,,False
MIR,2024-03-30 03:00:00,3,30,3,0.008,,,,,0.629,54.0,,23.0,16.0,,,53.0,,633.0,,,False
MIR,2024-03-30 04:00:00,4,30,3,0.007,,,,,0.551,69.0,,23.0,15.0,,,43.0,,633.0,,,False
MIR,2024-03-30 05:00:00,5,30,3,0.002,,,,,0.607,61.0,,23.0,14.0,,0.4,59.0,,633.0,,,False
MIR,2024-03-30 06:00:00,6,30,3,0.0,,,,,1.136,60.0,,23.0,13.0,,0.6,47.0,,634.0,,,False
MIR,2024-03-30 07:00:00,7,30,3,0.001,,,,,1.604,82.0,,23.0,14.0,,0.5,60.0,,634.0,,,False
MIR,2024-03-30 08:00:00,8,30,3,0.011,,,,,0.649,168.0,,23.0,18.0,,0.6,40.0,,634.0,,,False
MIR,2024-03-30 09:00:00,9,30,3,0.039,,,,,0.278,123.0,,23.0,22.0,,0.5,224.0,,635.0,,,False
MIR,2024-03-30 10:00:00,10,30,3,0.057,,,,,0.496,93.0,,23.0,26.0,,0.6,220.0,,635.0,,,False
MIR,2024-03-30 11:00:00,11,30,3,0.068,,,,,0.422,64.0,,23.0,29.0,,0.6,215.0,,634.0,,,False
MIR,2024-03-30 12:00:00,12,30,3,0.078,,,,,0.472,53.0,,23.0,31.0,,0.7,214.0,,634.0,,,False
MIR,2024-03-30 13:00:00,13,30,3,0.062,,,,,0.372,55.0,,23.0,32.0,,0.8,209.0,,633.0,,,False
MIR,2024-03-30 14:00:00,14,30,3,0.049,,,,,0.376,35.0,,23.0,33.0,,0.5,209.0,,632.0,,,False
MIR,2024-03-30 15:00:00,15,30,3,0.045,,,,,0.383,30.0,,23.0,34.0,,0.8,221.0,,631.0,,,False
MIR,2024-03-30 16:00:00,16,30,3,0.037,,,,,0.357,14.0,,23.0,33.0,,0.7,40.0,,631.0,,,False
MIR,2024-03-30 17:00:00,17,30,3,0.036,,,,,0.307,15.0,,23.0,33.0,,0.9,127.0,,631.0,,,False
MIR,2024-03-30 18:00:00,18,30,3,0.036,,,,,0.435,17.0,,23.0,31.0,,0.6,213.0,,631.0,,,False
MIR,2024-03-30 19:00:00,19,30,3,0.025,,,,,0.683,20.0,,23.0,29.0,,0.9,22.0,,631.0,,,False
MIR,2024-03-30 20:00:00,20,30,3,0.029,,,,,0.523,35.0,,23.0,26.0,,0.7,49.0,,632.0,,,False
MIR,2024-03-30 21:00:00,21,30,3,0.031,,,,,0.59,41.0,,23.0,24.0,,0.7,55.0,,633.0,,,False
MIR,2024-03-30 22:00:00,22,30,3,0.023,,,,,0.605,45.0,,23.0,22.0,,0.5,30.0,,633.0,,,False
MIR,2024-03-30 23:00:00,23,30,3,0.002,,,,,0.992,45.0,,23.0,20.0,,0.5,53.0,,634.0,,,False
MIR,2024-03-31 00:00:00,0,31,3,0.0,,,,,0.957,71.0,,23.0,19.0,,0.5,54.0,,634.0,,,False
MIR,2024-03-31 01:00:00,1,31,3,0.006,,,,,0.599,93.0,,23.0,18.0,,0.4,69.0,,634.0,,,False
MIR,2024-03-31 02:00:00,2,31,3,0.009,,,,,0.561,38.0,,23.0,17.0,,0.5,81.0,,633.0,,,False
MIR,2024-03-31 03:00:00,3,31,3,0.001,,,,,0.816,36.0,,23.0,16.0,,0.5,70.0,,633.0,,,False
MIR,2024-03-31 04:00:00,4,31,3,0.0,,,,,0.615,110.0,,23.0,15.0,,0.5,32.0,,633.0,,,False
MIR,2024-03-31 05:00:00,5,31,3,0.001,,,,,0.445,87.0,,23.0,14.0,,0.4,49.0,,633.0,,,False
MIR,2024-03-31 06:00:00,6,31,3,0.0,,,,,0.651,87.0,,23.0,13.0,,0.6,63.0,,633.0,,,False
MIR,2024-03-31 07:00:00,7,31,3,0.003,,,,,1.302,90.0,,23.0,14.0,,0.6,57.0,,634.0,,,False
MIR,2024-03-31 08:00:00,8,31,3,0.017,,,,,0.673,150.0,,23.0,18.0,,0.6,73.0,,634.0,,,False
MIR,2024-03-31 09:00:00,9,31,3,0.043,,,,,0.314,120.0,,23.0,23.0,,0.5,234.0,,634.0,,,False
MIR,2024-03-31 10:00:00,10,31,3,0.058,,,,,0.314,97.0,,23.0,27.0,,0.5,219.0,,634.0,,,False
MIR,2024-03-31 11:00:00,11,31,3,0.058,,,,,0.254,60.0,,23.0,29.0,,0.7,214.0,,634.0,,,False
MIR,2024-03-31 12:00:00,12,31,3,0.046,,,,,0.346,32.0,,23.0,32.0,,0.8,211.0,,633.0,,,False
MIR,2024-03-31 13:00:00,13,31,3,0.042,,,,,0.277,26.0,,23.0,33.0,,0.5,208.0,,632.0,,,False
MIR,2024-03-31 14:00:00,14,31,3,0.043,,,,,0.375,14.0,,23.0,34.0,,1.0,225.0,,631.0,,,False
MIR,2024-03-31 15:00:00,15,31,3,0.043,,,,,0.342,25.0,,23.0,34.0,,0.9,55.0,,631.0,,,False
MIR,2024-03-31 16:00:00,16,31,3,0.04,,,,,0.351,24.0,,23.0,34.0,,0.8,37.0,,631.0,,,False
MIR,2024-03-31 17:00:00,17,31,3,0.038,,,,,0.409,13.0,,23.0,33.0,,0.9,307.0,,630.0,,,False
MIR,2024-03-31 18:00:00,18,31,3,0.035,,,,,0.416,13.0,,23.0,31.0,,0.8,211.0,,631.0,,,False
MIR,2024-03-31 19:00:00,19,31,3,0.034,,,,,0.513,19.0,,23.0,28.0,,0.6,220.0,,632.0,,,False
MIR,2024-03-31 20:00:00,20,31,3,0.03,,,,,0.509,37.0,,23.0,26.0,,,42.0,,632.0,,,False
MIR,2024-03-31 21:00:00,21,31,3,0.025,,,,,0.58,41.0,,23.0,24.0,,,44.0,,633.0,,,False
MIR,2024-03-31 22:00:00,22,31,3,0.027,,,,,0.45,41.0,,23.0,23.0,,,50.0,,633.0,,,False
MIR,2024-03-31 23:00:00,23,31,3,0.028,,,,,0.447,41.0,,23.0,21.0,,,48.0,,633.0,,,False
